,filename,width,height,class,xmin,ymin,xmax,ymax
0,ck0qd8gs6ko7j0721x25cv4o3_jpeg.rf.005f5707706e4d68702bbf8e0ce96a63.jpg,640.0,480.0,smoke,125,190,177,286
1,ck0t40rhdz68s0a46ekx049a6_jpeg.rf.00403179fe5f0eb665e4af5845be125e.jpg,640.0,480.0,smoke,326,207,494,249
2,ck0m0ch9ugnna07940o8x989j_jpeg.rf.0101cdb46a16b3fde020710836b4af0b.jpg,640.0,480.0,smoke,308,166,582,257
3,ck0rr6bfa9b3w0721aw5unwdy_jpeg.rf.00982c053d66c090d55b3d775a722aff.jpg,640.0,480.0,smoke,241,204,310,244
4,ck0uk75x5ysls0721e5a9j891_jpeg.rf.00d7fd8503e1e0e6a66294f3db79b346.jpg,640.0,480.0,smoke,523,208,619,288
5,ck0m0f8x4hwsq0838adn9hkti_jpeg.rf.02c20dbd46efee307ec38486fc3f5da2.jpg,640.0,480.0,smoke,224,200,302,238
6,ck0na7jmkg9gj0a46p7jofg58_jpeg.rf.023825dac5dc5fbd89bbd5d83f89a5a8.jpg,640.0,480.0,smoke,96,222,238,270
7,ck0nf3wev47fm0794xfr1xuhs_jpeg.rf.025a886c2323bc0eb8b24cabfc681aab.jpg,640.0,480.0,smoke,220,203,257,237
8,ck0knam319ybv0701clozevt3_jpeg.rf.01d252cb506d60495e9f965a4cf48418.jpg,640.0,480.0,smoke,482,296,525,320
9,ck0oumds8r2ws0794yqsnls8v_jpeg.rf.012d2c43910a089d6fec492c2b914840.jpg,640.0,480.0,smoke,325,207,406,251
10,ck0rr05k797je0721hrz4bw9e_jpeg.rf.031b5346c52c69e28fc9345ca7b28010.jpg,640.0,480.0,smoke,500,184,636,269
11,ck0u07w91ulq009446ol1bta4_jpeg.rf.05a02ac3bf9a27f86cc6c315a72ff6c7.jpg,640.0,480.0,smoke,258,203,308,240
12,ck0kd86qe8gf507018qw8usfe_jpeg.rf.04a3091cdb2674d667aa79b142f77db6.jpg,640.0,480.0,smoke,217,196,250,237
13,ck0kmh9hhkg5e0a46we9ywaxl_jpeg.rf.05a2d3d0278ae39a0a626bfd173d6b94.jpg,640.0,480.0,smoke,473,198,513,243
14,ck0k99r7bir3f0a460bctrlmy_jpeg.rf.0520c5989e9d6326d3beb346e7edc7c2.jpg,640.0,480.0,smoke,137,272,187,310
15,ck0u0iymarljc079432rld6ur_jpeg.rf.049e444971d411f2bc15d14189f8ebc9.jpg,640.0,480.0,smoke,342,271,526,316
16,ck0t5243y02ss0848d4w8z1bl_jpeg.rf.073eb5726a7f3fca2caa57b085c7b655.jpg,640.0,480.0,smoke,194,207,213,225
17,ck0qbolrmhccn0944s970z7xn_jpeg.rf.0852866b4cc61c2dc67072fddf5b017b.jpg,640.0,480.0,smoke,121,135,197,315
18,ck0qc5zvxk5mi0721s96pwrwt_jpeg.rf.02fdb76282d22d4a6ab7a5b09b8cf6b9.jpg,640.0,480.0,smoke,172,203,220,228
19,ck0u15ceurp8s079478ps17by_jpeg.rf.01cba46fbff586f903728080476df7d9.jpg,640.0,480.0,smoke,1,235,161,323
20,ck0keo0re4xll086378211i65_jpeg.rf.08a1bd4e2e0d1690e1a2d6f8b6986e45.jpg,640.0,480.0,smoke,194,208,213,230
21,ck0qb93azjo480721ojf86ytj_jpeg.rf.0658191ccf3ef3dc7533eca8568b60d1.jpg,640.0,480.0,smoke,179,206,209,222
22,ck0uk5cl3877p0a468qm2bfay_jpeg.rf.05f4f2a5f4efa69243aac572e05e5216.jpg,640.0,480.0,smoke,228,199,306,239
23,ck0k99e6p79go0944lmxivkmv_jpeg.rf.035851b1218826a8d8e1f6cff055da7a.jpg,640.0,480.0,smoke,447,195,538,240
24,ck0keq7xa4xxd0863otmigtsy_jpeg.rf.0a9ebb276957d1f41e4e01067287be3f.jpg,640.0,480.0,smoke,267,254,525,318
25,ck0tywg9ruew50944r0qom5i0_jpeg.rf.045581ac714cf654e0725d1f8e192ccb.jpg,640.0,480.0,smoke,184,211,200,231
26,ck0kkzh767dc70838hdq9sv4u_jpeg.rf.0b0271134a25ee82a6b453646c87f96b.jpg,640.0,480.0,smoke,50,274,160,323
27,ck0t4kdl1nlyb07011sj8qjd8_jpeg.rf.0a712e797adaffd2ba69b30c0005fe83.jpg,640.0,480.0,smoke,59,155,413,318
28,ck0qbaubof1z40863w0scvpra_jpeg.rf.0cf7f4324a6fecd547297a7e34fa21e9.jpg,640.0,480.0,smoke,2,44,166,323
29,ck0u0dtzbt9mu08385juqmknt_jpeg.rf.07952a8adcc6bcd57f02407bb25c93cd.jpg,640.0,480.0,smoke,182,202,210,226
30,ck0u155em6hy90a46mm9izvjz_jpeg.rf.0307a95d00420a74d0682b038bcb13f5.jpg,640.0,480.0,smoke,500,256,564,294
31,ck0rp7n2684q30721hrzu5r15_jpeg.rf.0b0176d3f60909e544ab691e5ce7470d.jpg,640.0,480.0,smoke,184,204,211,228
32,ck0nfnbw45srt083889319uj8_jpeg.rf.091dbaf5088a42db9bfecf39178eeebc.jpg,640.0,480.0,smoke,184,204,217,222
33,ck0qd4sisfz1x0863riapvr9k_jpeg.rf.0d074512f215ea0855dc51c3be17779f.jpg,640.0,480.0,smoke,316,262,522,316
34,ck0qd7cyiib8f0701npyn63rc_jpeg.rf.0d08de7a03fcfca3e485ed18091f4b19.jpg,640.0,480.0,smoke,390,228,429,247
35,ck0tz4vu9wr2707210cs2d85i_jpeg.rf.0d07d523ff8a7385975c0546e3ed3013.jpg,640.0,480.0,smoke,191,188,417,318
36,ck0khttiojrab0a46z2tgb5rd_jpeg.rf.10ff9460ea9b030c8efa9bcb310b90d7.jpg,640.0,480.0,smoke,75,229,263,290
37,ck0ndy9p207ai0738n7khflbr_jpeg.rf.0e8ffba013c7dbdbca425451eaa90fd1.jpg,640.0,480.0,smoke,320,222,413,253
38,ck0tyjzuxsewd0863g6vu5zec_jpeg.rf.1267d7caad633514f05f20a5279f9582.jpg,640.0,480.0,smoke,187,211,209,232
39,ck0t1zwemkseu08636i7fpksi_jpeg.rf.15e6c66d7c667787bfb8151a7751affb.jpg,640.0,480.0,smoke,499,258,571,295
40,ck0tya1tfr9sz0794w5roonwp_jpeg.rf.0db0a4a0a57c433e550c669676380d58.jpg,640.0,480.0,smoke,111,161,191,312
41,ck0txdhj9wk390721me7hmajn_jpeg.rf.0b9072848081252656285ddaab966c7a.jpg,640.0,480.0,smoke,271,214,366,240
42,ck0ujxg4qyroe0721yt57ymqa_jpeg.rf.0c16dbb547f7c6d169dbb0234e411afd.jpg,640.0,480.0,smoke,460,193,541,240
43,ck0kl11aa7dlt0838zoqikube_jpeg.rf.140ba9c5ddb91da4fede2608634f754d.jpg,640.0,480.0,smoke,330,277,526,317
44,ck0kdsrnk4tm80863omawzddc_jpeg.rf.139bfa85f859e3e320650de1fec49e69.jpg,640.0,480.0,smoke,309,145,562,265
45,ck0kcaec57i7s0944jkpjyecx_jpeg.rf.0dbf4b042f0b6abc7a9f1a42a82a20dd.jpg,640.0,480.0,smoke,215,199,301,239
46,ck0qbrxq0fc870863u9dy1xsl_jpeg.rf.109b574c27fa09fdc65125fc9214e872.jpg,640.0,480.0,smoke,314,128,534,253
47,ck0ukkz8tytsn0721y70sud46_jpeg.rf.18cbd5352f166266b09e38e04afa7394.jpg,640.0,480.0,smoke,1,75,169,326
48,ck0kmgevm69ac0794mihosd3p_jpeg.rf.1594072fa91a653f18e22fff1cee6267.jpg,640.0,480.0,smoke,331,206,453,253
49,ck0lx68q2szgt0a460zlk49kf_jpeg.rf.0f6a8471f17e56b15221fb885dd51f40.jpg,640.0,480.0,smoke,153,157,431,311
50,ck0l9xvyaot920848tv62nd7o_jpeg.rf.17c2d9afcd4a802758d2898de36e43dc.jpg,640.0,480.0,smoke,245,205,310,239
51,ck0t52natq0it07218mpku7q5_jpeg.rf.18fa7308a214c8870ca0ce19768957ba.jpg,640.0,480.0,smoke,189,203,209,223
52,ck0ng3jtr5k7j08637da4685p_jpeg.rf.171ec9dcca7f2f15a6ea120b618d945f.jpg,640.0,480.0,smoke,285,217,307,239
53,ck0l97837c0ta0944wnryuimb_jpeg.rf.11d4e888f0875aa8b07ea67d4b3b4210.jpg,640.0,480.0,smoke,474,195,524,244
54,ck0ug2zaqt3zf0794joucwcgf_jpeg.rf.19cb77fe0f8cf5b9648d2056f4a5fbba.jpg,640.0,480.0,smoke,492,164,636,256
55,ck0kcnh1p4uns0794bs53wqam_jpeg.rf.1a912c1d8dea7ad3ad9bc870fe7a62d1.jpg,640.0,480.0,smoke,342,264,522,318
56,ck0tyzb4kwq9407210i0lbk6v_jpeg.rf.10b0732365f4a35069e26031ae48603d.jpg,640.0,480.0,smoke,460,202,521,244
57,ck0kcz0wr67xc0838pqo5w48a_jpeg.rf.1a24e68b83db5f7902f2119b1a2fe002.jpg,640.0,480.0,smoke,314,173,548,265
58,ck0tyt8nmui9l0701fr3lsu7s_jpeg.rf.1ad8f25014d4b35f799598a10661b7cb.jpg,640.0,480.0,smoke,180,239,238,290
59,ck0lwlv9fjpfg07217xwy7qne_jpeg.rf.1a89d41ad9addf3f1652773b1068412e.jpg,640.0,480.0,smoke,320,204,507,251
60,ck0kd70pu4w7b07946742zfpg_jpeg.rf.1d003cc575564d535e0d78de10cf2179.jpg,640.0,480.0,smoke,218,206,277,235
61,ck0tt0dkysbs70838q7t3vnr9_jpeg.rf.164a535f7e60defc9ad1b4f58836ab31.jpg,640.0,480.0,smoke,325,222,419,251
62,ck0nfz8fe60yr0838az9x331y_jpeg.rf.152d851a0f20d6f573a9f6f250204a9c.jpg,640.0,480.0,smoke,312,134,520,254
63,ck0ndcirh69sn0944tmwamh75_jpeg.rf.189c54c4fb6ee1d72226e876b613b29a.jpg,640.0,480.0,smoke,309,151,566,266
64,ck0qb9rg6tgo40848b6pmbrod_jpeg.rf.1afb0937b46939a096fa2fffa2639d37.jpg,640.0,480.0,smoke,41,285,153,334
65,ck0kcju199xgd0721ljl6cd2n_jpeg.rf.1b068071c8dfc4cf3573f0a0e217f523.jpg,640.0,480.0,smoke,197,206,214,230
66,ck0na3ee97aa6072160kaqfv8_jpeg.rf.1bf6d86665234ceeb5fafb1ba804cb50.jpg,640.0,480.0,smoke,336,263,440,316
67,ck0ukjupkwhfa0944r6gu3mh8_jpeg.rf.1d0b41b95001867438a9867fda448ddb.jpg,640.0,480.0,smoke,496,245,574,294
68,ck0twzs19s8ld08632qx4gg12_jpeg.rf.17d7f2e556ae6c66c4f533fef4fe10ac.jpg,640.0,480.0,smoke,0,83,152,336
69,ck0qc6lwsetj70794bennfrza_jpeg.rf.1dfce6db30573c065d5669ed2545479c.jpg,640.0,480.0,smoke,181,205,211,227
70,ck0t2fzvhlj200838b26ckwda_jpeg.rf.1c8882654e4d82f7f030d590568a3382.jpg,640.0,480.0,smoke,113,175,242,318
71,ck0t7iosiorq50701wgtb048m_jpeg.rf.1302b4c1947454fa5c96ee6b5377c641.jpg,640.0,480.0,smoke,288,240,430,315
72,ck0tsw61gqm680794v186apwr_jpeg.rf.1dd2f58789da8b976d4822ffdab29b03.jpg,640.0,480.0,smoke,198,206,217,231
73,ck0t7czov10bf08489elv37go_jpeg.rf.17785297d266595162723c94f9bcf835.jpg,640.0,480.0,smoke,491,214,557,254
74,ck0u9dw5dsmcv07947ss72195_jpeg.rf.1e895018c6b1b258086e70c22f9d37b4.jpg,640.0,480.0,smoke,472,191,534,244
75,ck0keop2ya51r072149ntr73o_jpeg.rf.1d5ea2dd88e831d44b09eca11f96969c.jpg,640.0,480.0,smoke,182,200,217,225
76,ck0u0hkwqurd207012dbpgjhf_jpeg.rf.147659f5c8eb1bc7d72e6038a08886ac.jpg,640.0,480.0,smoke,462,293,524,317
77,ck0km4pkh640f086302no99ma_jpeg.rf.1ea949e058e123aaedcc9f42d190f1a6.jpg,640.0,480.0,smoke,179,200,213,231
78,ck0tzxdcpslr10863f9172aju_jpeg.rf.1f702dd0c1a3d5ec2838bc92374f3222.jpg,640.0,480.0,smoke,329,210,433,247
79,ck0twef0nu7ej0701ku08izg4_jpeg.rf.1fe4b32547d4ed034980da37cfa48a07.jpg,640.0,480.0,smoke,287,218,309,240
80,ck0ukhfkfv4f10838ulu89xc8_jpeg.rf.1f875dfb8db3493d5d910236a5343bd0.jpg,640.0,480.0,smoke,199,207,215,225
81,ck0t6o7hrlbs407944kyd1i2r_jpeg.rf.1fcdad3f89301e29a312afd29b8be5fd.jpg,640.0,480.0,smoke,211,196,297,238
82,ck0rqgv1m8wok07216g2getrt_jpeg.rf.22c0ebfb67cc9ad7415929c8053d1f80.jpg,640.0,480.0,smoke,549,219,622,295
83,ck0rr132a3x9r0794yhwyho26_jpeg.rf.23012d1f295110126949db4f75f9a8ea.jpg,640.0,480.0,smoke,90,158,418,310
84,ck0na2cdf1uf40794qwk129rm_jpeg.rf.25bda548e55a3fd3f5158b780d168895.jpg,640.0,480.0,smoke,143,242,175,281
85,ck0t6nixgmcop0863zbzsc32e_jpeg.rf.250078e3e4e42da9963f5edec7f25e88.jpg,640.0,480.0,smoke,96,224,254,273
86,ck0ukkr2f8vml0848uyh1iw50_jpeg.rf.22c704f3f83a1947293534fb1cda1482.jpg,640.0,480.0,smoke,500,251,636,292
87,ck0kdobka8hev07019b3gbgq6_jpeg.rf.251260d5aab5ecf4bb65f65b3190ca1b.jpg,640.0,480.0,smoke,123,229,190,315
88,ck0ty7yegwn140721h5wixp2h_jpeg.rf.24f23d741874697a2aebd86b8968c470.jpg,640.0,480.0,smoke,117,189,203,317
89,ck0ovlupvx57v0721dn80vmur_jpeg.rf.20701caaa1c3c263bfba0b52914bc810.jpg,640.0,480.0,smoke,229,204,420,315
90,ck0lx50eojwbq0721qtix2xqg_jpeg.rf.22fb33351d1489a8f6ae310f8044feb3.jpg,640.0,480.0,smoke,500,177,637,257
91,ck0t2kogeyqy50a46u6e56yb9_jpeg.rf.20a8132299113e73e6263029256d5049.jpg,640.0,480.0,smoke,139,155,418,314
92,ck0rp7ve43ul20863ldcq568m_jpeg.rf.2242e2aef5279e55b32ce34e7a154ea0.jpg,640.0,480.0,smoke,164,241,465,296
93,ck0knw1mc96cu09446iq0ugae_jpeg.rf.28c2e0ae1ad16136f73352045962d516.jpg,640.0,480.0,smoke,1,47,159,332
94,ck0ujy91ete1p0794u8tbqbox_jpeg.rf.26e3ae02741d31dc087d31af9286950f.jpg,640.0,480.0,smoke,129,227,174,287
95,ck0tyfppk6qqc0848u6xtpzgx_jpeg.rf.288099a51913c76a030ce91555ac3929.jpg,640.0,480.0,smoke,312,104,520,258
96,ck0ndxi6w6j5f0944tbx465xr_jpeg.rf.28d056588212efc17d54250b7f77b577.jpg,640.0,480.0,smoke,237,257,525,318
97,ck0rp8d7p858s0721qrjixerv_jpeg.rf.29ba67ef2f3092df9ebe3adf2a77e2e9.jpg,640.0,480.0,smoke,190,204,212,224
98,ck0khsg8rangi07215h1hso72_jpeg.rf.217c82b0228f11b9b3ab269631fa5376.jpg,640.0,480.0,smoke,193,206,210,230
99,ck0kcv9km4vc70794bkufs7xw_jpeg.rf.296a193767cce26f7120ac749a472a17.jpg,640.0,480.0,smoke,309,256,421,328
100,ck0km5x3u9r910701d3yfjhtv_jpeg.rf.269fd83e84d226fb0d3a931ce723f2be.jpg,640.0,480.0,smoke,175,205,212,224
101,ck0tyexsuugj1070158ffdyyt_jpeg.rf.2e9d7c24d0366304aae6f03fdbbf349a.jpg,640.0,480.0,smoke,311,119,534,255
102,ck0lwg0retsfg0848hqi60tlt_jpeg.rf.3025c97e8deb2f2899cbe49461437ae6.jpg,640.0,480.0,smoke,190,204,214,223
103,ck0na9q14gaaa0a46ghbnn940_jpeg.rf.2498c8c55a2484af381b64824743cf97.jpg,640.0,480.0,smoke,503,210,614,285
104,ck0ug3zlfw61d09445i888ftl_jpeg.rf.24816998199d65c37ac73ca9a297dc81.jpg,640.0,480.0,smoke,100,156,412,305
105,ck0kn8eh393ib0944lkiizn3w_jpeg.rf.2a2ff93d00da25b7f769f204b8d67dfc.jpg,640.0,480.0,smoke,193,211,213,225
106,ck0kosmizkqdq0a46xgz65fgt_jpeg.rf.0f153f3fc51f5bfcc7092ec75b52d92b.jpg,640.0,480.0,smoke,123,204,177,289
107,ck0kkthj17c9g0838c3vjfndl_jpeg.rf.28218aa602fae59569067f2808f1f324.jpg,640.0,480.0,smoke,96,218,362,271
108,ck0ukig53tfv30794pt4u6ude_jpeg.rf.2ecc68215cab4d68d0a22b78b0327018.jpg,640.0,480.0,smoke,164,238,561,298
109,ck0qbp5dkg5920838gygl8n4f_jpeg.rf.2b8f08f85050f64aa005b2f40b5b3684.jpg,640.0,480.0,smoke,214,167,440,326
110,ck0t3zt3lnd7u0944gqvvuxtw_jpeg.rf.316a77febbcc8240fe5c521cdedbe5f0.jpg,640.0,480.0,smoke,4,80,157,342
111,ck0nfoxrpj0xh0a46qv68gp45_jpeg.rf.2aea62f0d0ba459a9eb532369e5e529e.jpg,640.0,480.0,smoke,1,72,165,325
112,ck0lwgsmatsrm0848br00vfki_jpeg.rf.324fd4d4db28e2d3e27e1ee048653fdb.jpg,640.0,480.0,smoke,173,233,239,291
113,ck0kdox8w69td0838i6leuzy9_jpeg.rf.333d536f32a8de44a092dd547d2f1632.jpg,640.0,480.0,smoke,123,214,190,313
114,ck0kn9jfn6eb50794lzp777i0_jpeg.rf.2eace5fef4dbf7ba77de72c68b4aaaff.jpg,640.0,480.0,smoke,187,206,216,224
115,ck0lyh3mpi04c094450wwwb9g_jpeg.rf.3a4f3cf6a9e2415a0bb50093f40212cb.jpg,640.0,480.0,smoke,391,211,480,250
116,ck0l8b13joiy30848vj3d2ndb_jpeg.rf.378c69f82ef9c274a1e8eb6d835b6660.jpg,640.0,480.0,smoke,191,205,208,225
117,ck0ukjmceuk3t0863k4o3i8g4_jpeg.rf.37d48b6e7770d656a7fdfbf311aa50c4.jpg,640.0,480.0,smoke,186,235,260,290
118,ck0kl0ifc5xd60863hxynsup8_jpeg.rf.33d4dc037a04cd39656b00a3e78bf3d8.jpg,640.0,480.0,smoke,0,58,162,332
119,ck0t52agrlp0p0863vg9f8svy_jpeg.rf.3b90acd0b60f2a45cb879c106a4d11da.jpg,640.0,480.0,smoke,163,257,218,279
120,ck0txsj116ojr0848emet52dc_jpeg.rf.3b78709ffaa76d0042f6560a02eb3373.jpg,640.0,480.0,smoke,165,234,343,281
121,ck0knvsi36h390794sjhcf0ri_jpeg.rf.38e187dbd800f3f50d6dd3290d370ab1.jpg,640.0,480.0,smoke,305,258,520,315
122,ck0nf4rw3093h0a886by1nwca_jpeg.rf.3c169639b6d7abb01c879573821f91e6.jpg,640.0,480.0,smoke,194,203,212,228
123,ck0txvj9m6otr0848fayj9tte_jpeg.rf.3c297c7d21cbe8563aba079db5bffc65.jpg,640.0,480.0,smoke,184,253,225,291
124,ck0l939lbnftj0a46atyx4hh4_jpeg.rf.33eeef4de47224ea2043febf7b6fc3dc.jpg,640.0,480.0,smoke,504,249,637,287
125,ck0l8e146nb1h0a46oop6lane_jpeg.rf.3bef8e59f2111cbea0cc48015e63e698.jpg,640.0,480.0,smoke,31,251,164,325
126,ck0kcsfho4r010863q5sjbub6_jpeg.rf.3a31a5fb805e6a96549f786bafb8906f.jpg,640.0,480.0,smoke,438,195,541,244
127,ck0t1umd5jowc0794my89kbsj_jpeg.rf.3bec00ba14295b43ff0ca24e3582396d.jpg,640.0,480.0,smoke,170,204,218,223
128,ck0tssirhrq1u0863eoicr5bp_jpeg.rf.3e1b0f61a6d074bec7c5b973a96f57e6.jpg,640.0,480.0,smoke,123,196,215,235
129,ck0rpjxds42tv0863ke8nrsmn_jpeg.rf.3d619fc088a888f7c7cc57c98a4f6498.jpg,640.0,480.0,smoke,162,164,404,313
130,ck0lxdhtohhdr0944vck0s787_jpeg.rf.3e2449768aa23a32f11eaad5e009f8b4.jpg,640.0,480.0,smoke,215,207,258,233
131,ck0kfk23ukj1m0848e93um98b_jpeg.rf.457fd102e55b69a1ec55dd1d50b90b6b.jpg,640.0,480.0,smoke,307,146,559,254
132,ck0txo8iyue140701jnymorwf_jpeg.rf.3d9a2e443551de47ba1b2a88280d408a.jpg,640.0,480.0,smoke,187,214,211,234
133,ck0t2d3kbyou40a46a56kl6x8_jpeg.rf.3da673071f90e10d5f5161f42a8b7f85.jpg,640.0,480.0,smoke,386,216,465,247
134,ck0lx5e5rhf4f0944ldgqzhf1_jpeg.rf.3d1684b7da6d298a3ddd6e9c51a4cbc2.jpg,640.0,480.0,smoke,123,213,170,282
135,ck0nefzg24hv30863efhq3fp1_jpeg.rf.41edcde58daab549a1e3d2ac14b30449.jpg,640.0,480.0,smoke,426,200,547,242
136,ck0kkjnqo5xx10794xzpyur0y_jpeg.rf.361ec46e7f260dfa9c55a465a3bb8150.jpg,640.0,480.0,smoke,310,130,540,256
137,ck0kl1k8d9ks80701twyaq08t_jpeg.rf.41c4a2bd886e7b4beb388fc8e04fb6f0.jpg,640.0,480.0,smoke,323,210,425,251
138,ck0lx3s62sysz0a46pq7rsuuw_jpeg.rf.41cc7ec49c9f3200873818a54c62ecb4.jpg,640.0,480.0,smoke,461,194,540,244
139,ck0rp9zh85rbh0944g0fanl6o_jpeg.rf.3e6d03d3e66153e3461f5a6ed25960b5.jpg,640.0,480.0,smoke,499,243,636,287
140,ck0twhqawsr970838xj2topr5_jpeg.rf.3f1612dab0ef612792c9866e780b52c4.jpg,640.0,480.0,smoke,95,201,382,268
141,ck0rpimt3ifig0848hijlm44t_jpeg.rf.46ad991e0932f88c7b6acf6628566240.jpg,640.0,480.0,smoke,127,182,211,317
142,ck0nfrec983h90701yvzbsczw_jpeg.rf.42e7c50048de34469ef1fa90563790de.jpg,640.0,480.0,smoke,413,193,555,244
143,ck0kcurm6j1k50a464wsovbw2_jpeg.rf.489c2d0fab9adffcd45e4e8ca8f26346.jpg,640.0,480.0,smoke,127,222,172,282
144,ck0twkzggsrnb0838b6na9joz_jpeg.rf.4144934d16650df3e5a346a1943793a0.jpg,640.0,480.0,smoke,187,211,211,234
145,ck0oukbtwsjxp083897f03qo4_jpeg.rf.41ad39e5f5023959a03b1e61d93e7424.jpg,640.0,480.0,smoke,184,205,212,223
146,ck0nctujv31lz0794ow6lj285_jpeg.rf.3f2f78a73479abe1321bc4ca31dfc497.jpg,640.0,480.0,smoke,91,227,256,290
147,ck0ty5rb66pry08483lgrlmhz_jpeg.rf.421725f5dafec43a5de105843c9def78.jpg,640.0,480.0,smoke,483,210,512,240
148,ck0t50qh5zfpc0a46o2ppy49w_jpeg.rf.4260774858fd1aac08234c8601f3e984.jpg,640.0,480.0,smoke,210,208,269,236
149,ck0kmem9m68vr07947lx0jam1_jpeg.rf.4971c28003ae470aca04fa915a129574.jpg,640.0,480.0,smoke,20,264,187,329
150,ck0nabd8whgv30848prwciv2b_jpeg.rf.460cd444851e64d108d16eeb3238199b.jpg,640.0,480.0,smoke,221,210,273,232
151,ck0km415y8wk90944mab9i4lr_jpeg.rf.4752cae94d6e0c422fc6a3246bcce661.jpg,640.0,480.0,smoke,180,204,211,226
152,ck0t592vckr6p07949h19oxce_jpeg.rf.4957f384420110763cc2a3d067da7ef2.jpg,640.0,480.0,smoke,500,244,585,293
153,ck0m0gpkagpzy0794ulwtreu6_jpeg.rf.4bc502850e879dd40bd056961bec7f31.jpg,640.0,480.0,smoke,520,208,612,285
154,ck0lx9h4ejxlm07213g6pz1n5_jpeg.rf.4a30c435f5acc7f53903c9126e69da73.jpg,640.0,480.0,smoke,87,230,164,265
155,ck0tzncx5rg970794klhrot7p_jpeg.rf.507c2a4d85d04020575e470af370337e.jpg,640.0,480.0,smoke,191,217,211,232
156,ck0kmi7k47m0i08380dwkjuc1_jpeg.rf.4eb64423f00a96430a04ad636eb18895.jpg,640.0,480.0,smoke,497,205,585,248
157,ck0lx9tk9g22n0838e6v5csum_jpeg.rf.4d09c9c7f3bd465a477a968d5e35616c.jpg,640.0,480.0,smoke,234,204,314,245
158,ck0qd7zf9fax10794ucj3kmt5_jpeg.rf.4bdd8939122eb2279dbdf809cf9a9b39.jpg,640.0,480.0,smoke,495,209,580,251
159,ck0u02mwv6bah0a467209caub_jpeg.rf.4946e8ee4a4af8ff2dddd94c59d3d2ef.jpg,640.0,480.0,smoke,471,240,621,295
160,ck0ug2o6ku8b708632bp2y2zn_jpeg.rf.42ce49a52b1b8f3c1cec74019dede23a.jpg,640.0,480.0,smoke,113,185,228,319
161,ck0ncwmnt6hyp07016zypssxs_jpeg.rf.5038ca1f5cdf93056bf4a55a345a13ca.jpg,640.0,480.0,smoke,0,85,161,334
162,ck0ty9cx4r9qk0794foscpnun_jpeg.rf.465ff93707dc7996d3cd3b7576117150.jpg,640.0,480.0,smoke,493,223,544,250
163,ck0t3htqxn88w09443dhqtzrh_jpeg.rf.51b48656089fe4ab9d7f0b0dc63d530e.jpg,640.0,480.0,smoke,196,204,214,228
164,ck0uj9sgjyq2b0721813otzrx_jpeg.rf.46cdc9351db024ad70108beebd5bc4f9.jpg,640.0,480.0,smoke,298,45,548,258
165,ck0t235u3msgt0944a7jzn8hp_jpeg.rf.46fbbbd711da478f5db7e61287216aa5.jpg,640.0,480.0,smoke,0,70,157,332
166,ck0kkywt08q2d0944abjjfi8q_jpeg.rf.4fa41d3d5059b6dede94326121edc4b3.jpg,640.0,480.0,smoke,177,204,211,231
167,ck0m15edijrbs0944olo8aqra_jpeg.rf.52e8a4303ab036982c78805ec336835e.jpg,640.0,480.0,smoke,188,206,208,224
168,ck0t2wfsipdoc07218586ezt0_jpeg.rf.4ec027210133d1a092f7cefe7f86c23a.jpg,640.0,480.0,smoke,305,43,502,261
169,ck0u0y7byrnvd0794vpqdexro_jpeg.rf.513b6ca1d70a6023bc57e0040b811bb3.jpg,640.0,480.0,smoke,311,69,511,265
170,ck0kk7o8o5vu70794mj0deixq_jpeg.rf.536fcd8063fead4cc8308ef8d59f9fc9.jpg,640.0,480.0,smoke,500,251,635,291
171,ck0t2z9knn3060944ppcr9fkn_jpeg.rf.55fb31c0cd4fdfe0551c1da30f27713a.jpg,640.0,480.0,smoke,95,231,177,264
172,ck0t4pic2zxuv0848rp6npxiw_jpeg.rf.51acc548074c7c4f16893509aaf50fa5.jpg,640.0,480.0,smoke,314,157,538,258
173,ck0lygt2vkh030721ufglqzq9_jpeg.rf.4b24424e16b0ad52d905945ef322ce40.jpg,640.0,480.0,smoke,125,271,189,311
174,ck0rpje8d32fg07940gwkympb_jpeg.rf.4f70a0ac72f6655d356cc9f414fe8eeb.jpg,640.0,480.0,smoke,131,110,251,312
175,ck0tzvykb6xxf0848pysx89eg_jpeg.rf.542cb9bc1eee62aa5eb4b4ac3e13a648.jpg,640.0,480.0,smoke,503,248,636,290
176,ck0lxhbtdewio0794g9qrp7o9_jpeg.rf.570551b254670717f037da0e98d28863.jpg,640.0,480.0,smoke,2,202,158,320
177,ck0t782sh0yo80848y50f5ugf_jpeg.rf.5429663116454a8c5ce5ebbfa41dbe3f.jpg,640.0,480.0,smoke,325,223,408,250
178,ck0km5c8vke4q0a46trc774lh_jpeg.rf.54df74147f9f229967ebc00333348e30.jpg,640.0,480.0,smoke,183,204,212,224
179,ck0t7s2o0ne4408387zvqn6pr_jpeg.rf.5524a3a3693d51037c48223b690362e2.jpg,640.0,480.0,smoke,312,164,564,268
180,ck0qbu8qqenrd0794vafe93ht_jpeg.rf.56922521101c85ef92f3a867c3081e9a.jpg,640.0,480.0,smoke,273,210,307,239
181,ck0ujzue9uicd08638rcyl1ro_jpeg.rf.5a0992ce884d2cfd32964002e7599489.jpg,640.0,480.0,smoke,70,157,406,309
182,ck0t6zwah09e20a4695tura09_jpeg.rf.4f785256363fd90cb8a95a7d23e0f5a2.jpg,640.0,480.0,smoke,167,253,212,278
183,ck0khrzkh940s0701k1i2tfe3_jpeg.rf.5859ae844258dafa1e533e73248cac64.jpg,640.0,480.0,smoke,164,249,295,282
184,ck0rqfvfjizmt0848qs0rsd4l_jpeg.rf.5a5fcbfc5606e1668f8c201c7005090f.jpg,640.0,480.0,smoke,444,230,541,252
185,ck0l8di4xoje408487bsrbpj9_jpeg.rf.5b4d11d296d120acdd63e1e54ccc2ace.jpg,640.0,480.0,smoke,185,243,231,294
186,ck0nfms4c59l108632rf19agc_jpeg.rf.57b8d097c1ffb42ed602b8018753e42d.jpg,640.0,480.0,smoke,193,207,208,225
187,ck0l9zam2nl6c0a46g4g3m6c4_jpeg.rf.5e458c3dce687543aadd8a0f4ced2004.jpg,640.0,480.0,smoke,553,213,621,284
188,ck0k9ghqt7a8l0944mcvy0jsx_jpeg.rf.5b55501a403c70b4dba61727046660b5.jpg,640.0,480.0,smoke,308,170,441,251
189,ck0txwcn1scmo0863p2fmcq09_jpeg.rf.5b5bf0ad74e7e8e33bce805420176d39.jpg,640.0,480.0,smoke,500,247,635,291
190,ck0kcljocj0qo0a46rzj3y211_jpeg.rf.5745457a99cce20a1ed09c59819d1d6b.jpg,640.0,480.0,smoke,177,207,212,228
191,ck0t4s7ibnk170944ffcd9q57_jpeg.rf.54d950346af8537f20351059c79b91cf.jpg,640.0,480.0,smoke,223,201,303,243
192,ck0khubxx5khq0794ja58vgv5_jpeg.rf.5d2db56a537ce7f2d661b00d403d3cc0.jpg,640.0,480.0,smoke,1,56,162,322
193,ck0nem99k9e9v0721yu2dtiqq_jpeg.rf.5a06cc52462c4dcadb3a74d3f3874cf3.jpg,640.0,480.0,smoke,312,154,459,256
194,ck0rqrdr86mhp09441c8d69w7_jpeg.rf.5d625e0924bab6f9f7d86084bff7af98.jpg,640.0,480.0,smoke,385,213,455,250
195,ck0lx7plvg1e50838ps3cuu9h_jpeg.rf.5df3f1a05e60204647ea601876ec7ac1.jpg,640.0,480.0,smoke,311,148,515,263
196,ck0u0znmjuuay0701hyc6trun_jpeg.rf.57c4424df242fccdb67494c4d2bc22b7.jpg,640.0,480.0,smoke,247,202,307,238
197,ck0kcouioj11m0a46yjyp0zlc_jpeg.rf.5d515391615546df6369aa216c2fac53.jpg,640.0,480.0,smoke,0,16,156,332
198,ck0t74gx40b5u0a46s72no2dg_jpeg.rf.57da3c38696a55082327c502be780c59.jpg,640.0,480.0,smoke,2,175,144,336
199,ck0m1mrauhbpe0863qyvhhrcx_jpeg.rf.5dadeb671f3492e18f6ebcdd65285a54.jpg,640.0,480.0,smoke,262,260,524,320
200,ck0uk5rawysf20721e35n6nk5_jpeg.rf.60dd824179a3b989558f39a245d746d6.jpg,640.0,480.0,smoke,439,225,565,254
201,ck0kengxx4xiw0863hvii9d2r_jpeg.rf.5df40233b458e08108b47ae229a5e4c6.jpg,640.0,480.0,smoke,164,254,211,279
202,ck0u0ihp7sq1z086335c6h592_jpeg.rf.60d64a3d41a4fa422f94a17d8294b296.jpg,640.0,480.0,smoke,2,17,164,325
203,ck0qb7vltsvwp0a46e656bv6u_jpeg.rf.642b271f9f48a73deb97d24d2b471485.jpg,640.0,480.0,smoke,167,254,336,283
204,ck0tx3bpm5y140a46ul6hlru8_jpeg.rf.5e4ca9c6161cc1cc916b43759c5651e3.jpg,640.0,480.0,smoke,490,214,540,250
205,ck0t1r1esms8s0701jmlvghkw_jpeg.rf.5acffb2bbf6c7f579d73f8ff3c85209a.jpg,640.0,480.0,smoke,167,218,542,304
206,ck0nct2ia48au0838bivpmmn6_jpeg.rf.58f3be0857dad3341d9c78f815627923.jpg,640.0,480.0,smoke,174,204,212,224
207,ck0ncrvqe47qd08384wqzjlk9_jpeg.rf.65162b81b23566a46791ca9ef3018fcd.jpg,640.0,480.0,smoke,165,256,224,279
208,ck0u98uysslwa0794bmd4n7fd_jpeg.rf.664b134d0c3a1562477a9687c044c745.jpg,640.0,480.0,smoke,329,202,520,250
209,ck0kl34jm7e2s08384qcp85ih_jpeg.rf.64420adc07446599124be8b0c86d11d7.jpg,640.0,480.0,smoke,446,198,530,244
210,ck0qd6v51ib0j0701sf2wolfq_jpeg.rf.6358b8f49047b12d1f6c20668bff8a39.jpg,640.0,480.0,smoke,486,196,514,227
211,ck0rqq0y3j4tu0848p884qvn1_jpeg.rf.654a70a2e86f0270af759b46d38ea769.jpg,640.0,480.0,smoke,328,201,438,253
212,ck0lwextoec1a0863lou65q4l_jpeg.rf.617475107e06edf72f385c44eec2232f.jpg,640.0,480.0,smoke,173,203,210,221
213,ck0kdh8yok8rw08486abmn3z3_jpeg.rf.685972e3f6aeb5a3ffdb843becb9e56e.jpg,640.0,480.0,smoke,503,250,638,292
214,ck0kck2czj0l10a46f6xkvofl_jpeg.rf.678c741e4261415dc135ecaf38d4581d.jpg,640.0,480.0,smoke,164,257,207,278
215,ck0k9etuqjxhh0848k6i1mw2f_jpeg.rf.65e16bd6d3135e530e8e7677b83b6481.jpg,640.0,480.0,smoke,123,163,416,325
216,ck0kky5oy7d3s08381yd0i465_jpeg.rf.6874685b468e778c76cc2d41a289e65d.jpg,640.0,480.0,smoke,185,205,213,231
217,ck0t24ndxkug60863id6f8pfc_jpeg.rf.5e489fbf3eadafbe13567c4cac0baad3.jpg,640.0,480.0,smoke,495,251,637,291
218,ck0ndxwjf3icx0794m3hlih4u_jpeg.rf.5f397085cad8af247c8a0674b9a67806.jpg,640.0,480.0,smoke,2,54,201,324
219,ck0t252udmxqz070188sd9z1u_jpeg.rf.662ccf2f0209e1cdf677221ac65da60e.jpg,640.0,480.0,smoke,328,204,529,251
220,ck0tx2twm5xya0a46rieclafo_jpeg.rf.6cb4bd5df71d1c5c2e0aedf48114f10c.jpg,640.0,480.0,smoke,120,178,182,286
221,ck0qd5it1i1wl0944fqp8vf9c_jpeg.rf.5f7b7bf98795a5a88fe2240e3a838059.jpg,640.0,480.0,smoke,331,271,525,316
222,ck0lx8c34u38a08480v1hz7dz_jpeg.rf.62b4addf5b2865b979346e676db1f907.jpg,640.0,480.0,smoke,312,46,490,265
223,ck0rr40pt71p40701fl50vzfa_jpeg.rf.6b2b4ec7e343403a173a2d8c9ec0d2c5.jpg,640.0,480.0,smoke,317,154,587,255
224,ck0t7o8ovlpsl0794ci1p3k3a_jpeg.rf.7255338cf66d7fd15d9a75b7e87f0550.jpg,640.0,480.0,smoke,312,154,453,253
225,ck0t7yaokmuhl0863v1rlsm5p_jpeg.rf.62c77619d32f766079b9e3320f8510a3.jpg,640.0,480.0,smoke,92,208,321,262
226,ck0tsx6f1rqmc08631bs71ker_jpeg.rf.70f288faaf29ee8c354bc3f20320febe.jpg,640.0,480.0,smoke,162,257,209,280
227,ck0kdhizwj37t0a461n7bsvun_jpeg.rf.6d618207aa9bed9805920f9625f0c67b.jpg,640.0,480.0,smoke,2,81,185,333
228,ck0t3zlhdz6180a46kq06kflk_jpeg.rf.695d8a1806cebba8ed79a9465c077b48.jpg,640.0,480.0,smoke,265,257,524,314
229,ck0oukw23toun0944nstsyx8g_jpeg.rf.725c1e40188ada6da183777c91520dbd.jpg,640.0,480.0,smoke,39,278,178,329
230,ck0rp95tf2vg70794wbjk2kk3_jpeg.rf.64942fab8cdbf6edab115881cc2180c3.jpg,640.0,480.0,smoke,182,244,242,296
231,ck0u0muhduoik0944fwbze43u_jpeg.rf.74bd00e3d0c2bb38628bd3d60bc56572.jpg,640.0,480.0,smoke,118,169,193,284
232,ck0kkgwvk9hhg0701edmbvr7r_jpeg.rf.72b0cbcbdd84a2f967e4d56a8a994552.jpg,640.0,480.0,smoke,114,171,186,311
233,ck0kl3bjt5xyz0863ru5wbw27_jpeg.rf.74c0c9a18873df6308953374f38fc72e.jpg,640.0,480.0,smoke,130,210,184,290
234,ck0t5n2jlkxuc07940mygjo8f_jpeg.rf.743e0e7964a1983568c0323735ea9d91.jpg,640.0,480.0,smoke,0,72,163,323
235,ck0rpe8ja3z6m0863q1narygs_jpeg.rf.751b9497645f516d0e98cd415c7fad51.jpg,640.0,480.0,smoke,497,245,636,287
236,ck0kl5uir7ej708386nnh95ra_jpeg.rf.786c13aa05537a5beafde2dcaafa6c9f.jpg,640.0,480.0,smoke,312,121,520,258
237,ck0tzh0mmsjb70863m9jdqypg_jpeg.rf.6b4347c866f9e0768115f0ce603f0b3b.jpg,640.0,480.0,smoke,309,84,517,258
238,ck0kdklhl8h7h07015yka75gg_jpeg.rf.75afbde9ce791d335ed4015d2a6f679b.jpg,640.0,480.0,smoke,430,198,547,244
239,ck0tszu61qmo10794stj6lmkj_jpeg.rf.74610774501419ad96bf232c9f58838e.jpg,640.0,480.0,smoke,0,79,169,336
240,ck0nf53eo78rg0944btmudhsc_jpeg.rf.7761bf0c5f266292eb35a0b1c51783eb.jpg,640.0,480.0,smoke,166,256,208,279
241,ck0klds7p9myv07018b68zcsu_jpeg.rf.70111b543b1fd156a55df6337171de99.jpg,640.0,480.0,smoke,274,208,306,241
242,ck0nfpjig5u9z0838mgcq82oz_jpeg.rf.78af90cc8dcf3cde57438b0e2b576240.jpg,640.0,480.0,smoke,499,249,636,293
243,ck0ukgesfwh7f0944smkfpncd_jpeg.rf.796bc7793dcf63a411bbb692fc734dc5.jpg,640.0,480.0,smoke,221,209,271,241
244,ck0na2ozl2ejz08633ausfi26_jpeg.rf.726e4ba9c48a347e68cc56479f131bf3.jpg,640.0,480.0,smoke,399,197,463,246
245,ck0rqflbw4lvd0863gyi0mzp1_jpeg.rf.69d64ebbcff31c6be13e7228d41d83d1.jpg,640.0,480.0,smoke,253,201,310,238
246,ck0nabl6wgb5q0a46x056c88j_jpeg.rf.7975be881984de1f7e172284326d5c4c.jpg,640.0,480.0,smoke,204,210,218,222
247,ck0keqofqkeab0848eq712ch1_jpeg.rf.70559e98cbae0bde190e097105a74ce3.jpg,640.0,480.0,smoke,325,223,384,251
248,ck0uk4wf8875i0a46hztpqvip_jpeg.rf.7a25fd32be8f8e700adb8bfadb0061d1.jpg,640.0,480.0,smoke,92,236,191,267
249,ck0tzqdzqwucd07218blh12ir_jpeg.rf.7b142d2dda7d0e123d58679c4b321445.jpg,640.0,480.0,smoke,177,201,215,225
250,ck0ujle3ouhd20863udrln8yl_jpeg.rf.7fc4afb2782e4051e67f7107b0005f26.jpg,640.0,480.0,smoke,164,258,226,279
251,ck0na2zrshcs50848i2690yin_jpeg.rf.7a39d65d76617f693f52f6144332ea93.jpg,640.0,480.0,smoke,130,222,170,285
252,ck0kfnjva6jp60838d6vqyxq2_jpeg.rf.7c607da0dfd4b5f5ca371c0906a45fe6.jpg,640.0,480.0,smoke,453,214,615,288
253,ck0u0zahz74ln0848lonhk1xg_jpeg.rf.7cb0fa04dc9b397b8ff07e625eb2aefa.jpg,640.0,480.0,smoke,97,235,163,267
254,ck0nfuci585lm0701jw9i5zhj_jpeg.rf.780ea7d50c01236a2a9d4d03eda1d8ce.jpg,640.0,480.0,smoke,256,222,423,310
255,ck0lx4d8sg0df083816ox14r4_jpeg.rf.7a8604dc083afa6cdd0515b29af1d8de.jpg,640.0,480.0,smoke,392,228,446,249
256,ck0kmewv08ygm0944br9j606r_jpeg.rf.7f1cf8002fff325e67bc83dd880f5b70.jpg,640.0,480.0,smoke,91,237,273,285
257,ck0t2pyk3l0ym08636r4hqnty_jpeg.rf.7ca69164d2ca64a00e9c2d1219e7d966.jpg,640.0,480.0,smoke,304,192,426,251
258,ck0kmtk7c90w60944bjhqhm4j_jpeg.rf.7d0d231f2974389d1a30caa1e483200b.jpg,640.0,480.0,smoke,270,207,310,241
259,ck0rpixgt5x8l0944oojfpa2o_jpeg.rf.6c2183ba04dd7ec031b4d6c922aaf16c.jpg,640.0,480.0,smoke,500,192,635,253
260,ck0t3kjngndaa0701i76i8q2c_jpeg.rf.7b33ab9af657e3432533388b4519bb60.jpg,640.0,480.0,smoke,189,208,210,232
261,ck0kkg0u65u3q0863z6w2psqp_jpeg.rf.80b296c2869e29872d0e01490464314e.jpg,640.0,480.0,smoke,467,192,540,244
262,ck0txgnxxud4y0701d5z7lpx7_jpeg.rf.7c53c82d64933f2062ad37195fb14522.jpg,640.0,480.0,smoke,97,205,412,270
263,ck0ujvtjvyrjx0721f1bk9yvy_jpeg.rf.7ced4af432a3d02214f5c6ed5159ba7f.jpg,640.0,480.0,smoke,0,65,168,323
264,ck0tx7k0tr5rz0794r2twuz1o_jpeg.rf.67068839164b779c940323e5dc947e50.jpg,640.0,480.0,smoke,256,218,424,318
265,ck0qbo5snhkcv0701pwtwt35x_jpeg.rf.7dd6750b851e1f342192b20a93614c0a.jpg,640.0,480.0,smoke,496,208,579,248
266,ck0qb9do2fwc708385reizk6h_jpeg.rf.8353ce140548c4b5d4ab719c8245c229.jpg,640.0,480.0,smoke,184,259,222,290
267,ck0ken8886dvt0838isatschp_jpeg.rf.56d26b51cd92328bb4a46f85383e8724.jpg,640.0,480.0,smoke,195,206,216,231
268,ck0klcevilg5n0848axl4ww0k_jpeg.rf.8336b312bb4f97701a551845eb1d6223.jpg,640.0,480.0,smoke,311,105,565,258
269,ck0l7xwvu94160794ed6vldx0_jpeg.rf.830f7a6710900b02f4c7a09e7a949c6e.jpg,640.0,480.0,smoke,473,224,617,294
270,ck0rr4nj43za20794o7o3btuw_jpeg.rf.8657366d6deb4dc4f58216778b1159d6.jpg,640.0,480.0,smoke,308,61,511,258
271,ck0qd5yquiaiq07016q73qoz3_jpeg.rf.858d8803108224ec00b7d914b47b6aae.jpg,640.0,480.0,smoke,329,209,462,250
272,ck0u97a47vo2h0944rwxehqpl_jpeg.rf.89ceb69362b56d99b46492fbb5397c2d.jpg,640.0,480.0,smoke,1,12,165,336
273,ck0kkwqeq5zxe07942ouxkr5q_jpeg.rf.89770a57522ae5b594273df49cfd2981.jpg,640.0,480.0,smoke,196,209,219,228
274,ck0lyghgkfe8a0794h5pz92p7_jpeg.rf.8615b3d2078b8c0c37bfb2aab25e15d9.jpg,640.0,480.0,smoke,456,196,545,240
275,ck0kl3hgk8qyh0944gjtwyh6h_jpeg.rf.85b34d8cb8d16bc37f64dded2353d2d7.jpg,640.0,480.0,smoke,492,208,538,251
276,ck0tzpp8dskmt0863jjiyujwl_jpeg.rf.8774dae60a89c1a7230a85abb2acb4a6.jpg,640.0,480.0,smoke,178,204,212,228
277,ck0tsz3b0624008481fmfbt28_jpeg.rf.84cf8a28b2a98547fccdad89cc3cb3f2.jpg,640.0,480.0,smoke,30,100,157,324
278,ck0t5xpty0hyp08488g6a7n6l_jpeg.rf.8884944ed861a984fd4fa4955e71cd48.jpg,640.0,480.0,smoke,49,151,451,319
279,ck0nett9672gj0944feegfre7_jpeg.rf.867d54429e883f2896c934fd8ae99668.jpg,640.0,480.0,smoke,439,232,567,251
280,ck0kcubsi4r530863gt6or3em_jpeg.rf.85b35b9cbcbe849c2b67784936eed59f.jpg,640.0,480.0,smoke,399,196,480,245
281,ck0kmpmy67n4j08386u8554cs_jpeg.rf.89faad475147ff77905709359f200fb2.jpg,640.0,480.0,smoke,199,178,421,313
282,ck0lyfhltum8h0848fs747twi_jpeg.rf.819ae8db656586c4feeb6b0da9a4eec8.jpg,640.0,480.0,smoke,330,204,527,250
283,ck0tylooksf3f0863s6tbwxhx_jpeg.rf.8f4a749954974bc5e10dc29869c4cbdf.jpg,640.0,480.0,smoke,179,203,213,229
284,ck0qb7h0asvnf0a46l0myka01_jpeg.rf.8ca32cb473bc329df2bbb29575c3e2d0.jpg,640.0,480.0,smoke,185,205,209,225
285,ck0u13g18uv1x070166k2ew3t_jpeg.rf.9105a3ace2fbeb2dfa3d74117355464c.jpg,640.0,480.0,smoke,196,160,251,239
286,ck0m0dejchvnj08381f1xtpqs_jpeg.rf.90bdfa908276f45cb20d30ebb225c40a.jpg,640.0,480.0,smoke,401,307,457,337
287,ck0lzxfw9iyx50944qfn9yxxl_jpeg.rf.8e472728888dc25f5b0fd118abdfe15d.jpg,640.0,480.0,smoke,99,157,415,315
288,ck0qbakbhjoyy0721qw4fut6n_jpeg.rf.86688323b760bc89ab6a94169de5910e.jpg,640.0,480.0,smoke,499,249,637,290
289,ck0tz2vh7wqqw0721qe4odmlu_jpeg.rf.8e9a88e1a568ff4f100cf57a219250d5.jpg,640.0,480.0,smoke,393,191,537,241
290,ck0neh5qnjfoh0848s35xyyj8_jpeg.rf.8ee77066e3ea2e00b914a2ca79353505.jpg,640.0,480.0,smoke,120,198,173,281
291,ck0nd98ujhlfg0a46hhco18rf_jpeg.rf.8e239f5ba8045c6acbf54234796128fd.jpg,640.0,480.0,smoke,305,253,445,304
292,ck0tyq31o6ryb08488lus3geb_jpeg.rf.952ddb3f74c7e559d41ce47c20e0e9db.jpg,640.0,480.0,smoke,178,204,211,224
293,ck0txfme8sat90863ybrk8lzv_jpeg.rf.929ceb5b917912aa2761d897e28cf56c.jpg,640.0,480.0,smoke,94,244,135,265
294,ck0kd21cfj2810a46eicmjtng_jpeg.rf.92bda2dbaf58e1e37a1fd333b2e0b7f4.jpg,640.0,480.0,smoke,90,221,276,266
295,ck0kovirm99fg0944fdv57hd8_jpeg.rf.99290255a4d7b1b8397af118f9fa1f1b.jpg,640.0,480.0,smoke,306,160,533,256
296,ck0kd8g4e9zka0721qprbwtsa_jpeg.rf.978e6c96079ad1f0cc58731412de2cc2.jpg,640.0,480.0,smoke,195,205,215,227
297,ck0uk2i9z86xl0a46gizlif59_jpeg.rf.8729e25833976180a9f3b2a7511789e8.jpg,640.0,480.0,smoke,310,151,534,258
298,ck0nexpddii7b0a463cb74ti7_jpeg.rf.80335414ee9689f5ceb4a8a5feabd966.jpg,640.0,480.0,smoke,469,214,614,287
299,ck0kmhpz99t9w0701ftiu8jlx_jpeg.rf.99a4808a82d63b38b57fc93991730528.jpg,640.0,480.0,smoke,387,226,419,250
300,ck0kosbce7vpn0838c5telfw3_jpeg.rf.9a37414f8df1d8ac3e50c0547ee9805e.jpg,640.0,480.0,smoke,390,221,432,245
301,ck0ndfo8l6ov10701vn095htn_jpeg.rf.9b84723a9e3806a07f4ba65c1ac89861.jpg,640.0,480.0,smoke,99,209,211,268
302,ck0t5nqi3zqqj0a46iyhhhw7b_jpeg.rf.998b4f14452e077f192f88e3842b9501.jpg,640.0,480.0,smoke,327,218,386,253
303,ck0u10zeh74ym0848ow29lc1l_jpeg.rf.8de8ba24b1b198759056a236d93a7cbe.jpg,640.0,480.0,smoke,553,214,622,291
304,ck0kkxafs5wwc08631zxdpdyd_jpeg.rf.9e1b653ce1ab7f179d9d895cc60afadc.jpg,640.0,480.0,smoke,185,204,212,231
305,ck0u0gs1d71m70848obwsy04a_jpeg.rf.9d2a66f2846a0e53d523face7aa0ac1c.jpg,640.0,480.0,smoke,181,235,232,296
306,ck0kcbvwl4tja0794csyimfqu_jpeg.rf.9b8fccc32c80221a31a78bc6b8c54b39.jpg,640.0,480.0,smoke,499,211,614,284
307,ck0tyaitfuchg0944iz87630d_jpeg.rf.998c6176beeff89d6257ca171307b473.jpg,640.0,480.0,smoke,238,195,421,312
308,ck0ncji892we50794albpt7x4_jpeg.rf.9ff5e8dc64a0b04ce0a802bbd8e86f17.jpg,640.0,480.0,smoke,219,199,249,235
309,ck0tzpygswuae0721bhuvjofj_jpeg.rf.9be0b873779f91d86f8a0b713a67f134.jpg,640.0,480.0,smoke,170,244,439,286
310,ck0ndbtmr8oa50721hzgxpue8_jpeg.rf.98eed4485749aa292c11bfba07625367.jpg,640.0,480.0,smoke,309,158,442,251
311,ck0m15mtdwdk30848aglnguy1_jpeg.rf.9fd271f87669440c9448fec8f0248336.jpg,640.0,480.0,smoke,166,257,446,291
312,ck0lwfg8yjmbz07219irceyfl_jpeg.rf.9b5a201db64bd64de373b3b6e5cd12a4.jpg,640.0,480.0,smoke,165,234,605,305
313,ck0ujwlr98tkt0848fudx9cb3_jpeg.rf.a06824e458bc658304e03c577aa85c16.jpg,640.0,480.0,smoke,324,204,530,253
314,ck0lxekamu4wa0848z3xssbek_jpeg.rf.9dc2b9d0b5f9d423270c5cec27d575d3.jpg,640.0,480.0,smoke,197,210,212,226
315,ck0t81ysfnhui0838yucfeszk_jpeg.rf.a0adf8c4222766877b5a807c7ac8b1cd.jpg,640.0,480.0,smoke,199,193,293,231
316,ck0kdra5c7mjh0944w97n0exh_jpeg.rf.9c74c6aa1eddac85e5e0b25cd6659bae.jpg,640.0,480.0,smoke,309,150,466,258
317,ck0t45urenix00701imio8cdw_jpeg.rf.a2ce10899a67ad830a33928f80299233.jpg,640.0,480.0,smoke,115,206,177,284
318,ck0twi6d05v8f0a469q54h3iq_jpeg.rf.9e19708c84c6b0e1e696621aba134117.jpg,640.0,480.0,smoke,191,196,303,235
319,ck0t3r8twkazh0794uxyta3xz_jpeg.rf.9ec29e65e34503b73401e911707d4fc1.jpg,640.0,480.0,smoke,386,271,521,321
320,ck0kmi067lmu70848mrnfi0rc_jpeg.rf.a31f55cd786e5155b79470fb2a7faea0.jpg,640.0,480.0,smoke,124,186,185,314
321,ck0kl079lk71f0a46m6yo4q9m_jpeg.rf.a327c1da1f0fa7a679d36644d715874d.jpg,640.0,480.0,smoke,299,263,518,318
322,ck0twbzbz6hga0848z3sx5lsi_jpeg.rf.9efd0db058b58c0e86f627c2ed3d328a.jpg,640.0,480.0,smoke,310,150,585,253
323,ck0u9e8u77f9y0a46i2qc7hje_jpeg.rf.a3d2e2112949e6b909551dd3f33dddfd.jpg,640.0,480.0,smoke,138,287,188,315
324,ck0tzw6en6xyw0848myghrsxc_jpeg.rf.a757a5641f161d4d3072d0f41e4afd3a.jpg,640.0,480.0,smoke,2,42,161,325
325,ck0negpok9ao50721aw0ozvpl_jpeg.rf.a38e1ae1ffb81f88c8e7b13052a3e043.jpg,640.0,480.0,smoke,499,209,547,245
326,ck0rpfqrnhnon0a46jv1r8s8w_jpeg.rf.a567ba27398a0c227fa75451bb27aa3d.jpg,640.0,480.0,smoke,476,195,518,245
327,ck0t5oyi1mlpd08385ihi4js3_jpeg.rf.a2dd8f265c56cd1b9ae4d1a0a2a3d30a.jpg,640.0,480.0,smoke,329,215,482,250
328,ck0txus39scfk0863py0w15qb_jpeg.rf.9576388a3db2bcfad7af2402710fae96.jpg,640.0,480.0,smoke,189,207,212,229
329,ck0tyxvkx6t1d0848kk4vfkrb_jpeg.rf.a38ddfd3863bcaad9a265c57a56f02ef.jpg,640.0,480.0,smoke,326,205,442,254
330,ck0u0obru6f6u0a46axncdx9n_jpeg.rf.a1d7c0c1b0cd06e7f8ba492cdfee2cf2.jpg,640.0,480.0,smoke,129,218,170,282
331,ck0qc7xskeu3r07948qg5ycne_jpeg.rf.a37fcfa48611702445cc9601afdba946.jpg,640.0,480.0,smoke,174,208,210,222
332,ck0kcn7u1j0vk0a46lr8si8zl_jpeg.rf.ab05dcea54504926189eaf13d19802ec.jpg,640.0,480.0,smoke,95,226,250,289
333,ck0l9dfokcv7o07013t4kgamc_jpeg.rf.a96fed0753b14130e42f31fd8d68438d.jpg,640.0,480.0,smoke,125,193,200,314
334,ck0twl6pqwg6c0721ja81m52m_jpeg.rf.a8b03e4b1a1200e7ebbbec17e9a4e818.jpg,640.0,480.0,smoke,447,211,618,282
335,ck0txrkyx611l0a46u3b4n8bb_jpeg.rf.aa1ad8376fd26661f3771abccbd1d143.jpg,640.0,480.0,smoke,216,203,253,239
336,ck0kepk22a57e07215s22fyiv_jpeg.rf.ac37062f6f5732e0544d31eee82cadda.jpg,640.0,480.0,smoke,288,256,517,317
337,ck0lxgqhheq2b08638gu6tna1_jpeg.rf.a478e7551b36a9021292245c2c812166.jpg,640.0,480.0,smoke,185,227,240,292
338,ck0lwh1i7ed810863a8ql1pat_jpeg.rf.a985f44b16d2c79e1092dd1788f1a996.jpg,640.0,480.0,smoke,442,283,520,317
339,ck0ndgh043xns0863o9d4l0kk_jpeg.rf.ad4917ae707a577f9fef768e65029914.jpg,640.0,480.0,smoke,209,197,298,234
340,ck0ngm4b3jk5e0a46nplsw4xb_jpeg.rf.a8bb6e7e544239d9fa85ac701cae37d1.jpg,640.0,480.0,smoke,186,205,216,224
341,ck0ounuswsms108388flcbazi_jpeg.rf.a9f4e239c0f708a7ce7c767d7e968f61.jpg,640.0,480.0,smoke,123,190,177,285
342,ck0rpaam92wcd0794b9wy12ks_jpeg.rf.ac541642eb5d4b002e19dbb0049e8273.jpg,640.0,480.0,smoke,1,27,175,323
343,ck0oulkapr2bj0794zz57fbjp_jpeg.rf.ace3c245aa0f7dc06f29099284a1b1be.jpg,640.0,480.0,smoke,0,65,152,331
344,ck0k9dg0vjxcg0848rmqzl38w_jpeg.rf.aa2243c64fd18ad4e8c179d09c12cbfc.jpg,640.0,480.0,smoke,126,197,251,313
345,ck0ujo3wrv2130838pn66pvj4_jpeg.rf.ace164faea7387c83c08a68c7b37d736.jpg,640.0,480.0,smoke,171,226,242,292
346,ck0tyucu3uekj0944f3usafki_jpeg.rf.ad394d6c48fd8c0906ce0ac8f4568298.jpg,640.0,480.0,smoke,17,271,156,333
347,ck0ndugzs6hv90944q18viki9_jpeg.rf.ad8568fed3dc8b7b644c67efecbb9757.jpg,640.0,480.0,smoke,303,263,525,319
348,ck0tx9epawjk50721w6282v2c_jpeg.rf.adc7853dfe39ef993eeba0ed3292186a.jpg,640.0,480.0,smoke,309,128,483,261
349,ck0ujirqowixt07012814w3ox_jpeg.rf.af7d2c5ce6bcfedb6ffd891231b412c8.jpg,640.0,480.0,smoke,528,210,618,286
350,ck0txw47261iz0a46k76oyfzj_jpeg.rf.af3dfd2ec9adef7cd9c7e57e79ff8598.jpg,640.0,480.0,smoke,85,230,265,289
351,ck0t734s0mizv0863sujq0i7p_jpeg.rf.b37b89bf3712f1791e2f97c5a16aa48c.jpg,640.0,480.0,smoke,82,213,261,296
352,ck0rqlgco58j50838724x6rym_jpeg.rf.b5b8263fb657e6a09f94583c21fc28ea.jpg,640.0,480.0,smoke,255,256,523,318
353,ck0tz7lcnugfi0944xj04x69y_jpeg.rf.ae59697a3961edc473319ea1edf1566f.jpg,640.0,480.0,smoke,316,150,540,258
354,ck0qb8cz6tfnt0848glf38bpe_jpeg.rf.b27022571ef7b9a910830eeffde9bd30.jpg,640.0,480.0,smoke,186,208,208,222
355,ck0tz4dsmshgh08637pfl2z1c_jpeg.rf.b03bf3d9ee3f53a5e8ee298181290d1c.jpg,640.0,480.0,smoke,118,179,178,284
356,ck0qdf4hwkrzf0721pwn991sv_jpeg.rf.b361b52c1172c6504c67b4f19f9fc544.jpg,640.0,480.0,smoke,314,82,498,261
357,ck0tzmo81wtq50721yer41mgt_jpeg.rf.afb4e1c9346de07f87219b9f5acf477a.jpg,640.0,480.0,smoke,545,256,622,291
358,ck0ndoj9r8u8w07216trgrwuz_jpeg.rf.b43b5ab2970d7b610b7ec6ad50ae1e51.jpg,640.0,480.0,smoke,472,208,614,287
359,ck0tzu01r69vw0a464th4yn43_jpeg.rf.b3629ef5809d61bee0fa0208337eff76.jpg,640.0,480.0,smoke,185,238,236,291
360,ck0txs402uehd070195c9mfko_jpeg.rf.b47277846338d037c30f92e0213833d5.jpg,640.0,480.0,smoke,209,166,254,238
361,ck0ukk30lwlt9070113ad7m2j_jpeg.rf.b11eceafee595fed74046181725c1d95.jpg,640.0,480.0,smoke,4,186,163,325
362,ck0km3uktkdxc0a46uf6e417v_jpeg.rf.b37895e0f3e5352335d9ecb08f96c27e.jpg,640.0,480.0,smoke,219,207,256,239
363,ck0na20uvg69k0a46b7cgr9rd_jpeg.rf.b5c07e27352b2ab5b63f05e8d1aadbca.jpg,640.0,480.0,smoke,446,191,539,244
364,ck0lxfa6uepfr0863exlzozuc_jpeg.rf.b31cd3b0caca370b4d2a7dfb3e9fee94.jpg,640.0,480.0,smoke,179,205,215,224
365,ck0rpg5vz5vk20944kk0yhjy5_jpeg.rf.b492365ac3b96ced581dec7e1520b8b8.jpg,640.0,480.0,smoke,385,219,434,247
366,ck0tzuao2wuuv0721d9vb3uvm_jpeg.rf.b22278e5e19f63a0a95634c876aeb3b1.jpg,640.0,480.0,smoke,3,259,169,331
367,ck0rp9iochje10a46pq920puz_jpeg.rf.b57dbfcab2e3f4b15b88f1895a440510.jpg,640.0,480.0,smoke,3,253,162,324
368,ck0l8bhz891hy086381o84nhd_jpeg.rf.b34dd7fedd0a245a89843faf85150ff9.jpg,640.0,480.0,smoke,194,159,251,229
369,ck0u14y7arp5c0794llhscme5_jpeg.rf.b9a8d990ee70e43ff692e1ad75c6df7d.jpg,640.0,480.0,smoke,191,236,238,296
370,ck0txgdlcsvs8083883yrxqar_jpeg.rf.b9cfd13cbd0644961135ac43731fe225.jpg,640.0,480.0,smoke,443,225,543,253
371,ck0ngmfoyjka50a46cagrxpig_jpeg.rf.b56c9e63661229064c68f3360e6c3e0c.jpg,640.0,480.0,smoke,168,247,360,284
372,ck0kcso214r0r0863m2otgmja_jpeg.rf.b48fb357a1a6847855385883a548e024.jpg,640.0,480.0,smoke,138,238,177,282
373,ck0qbwggghon207016zt7rz5a_jpeg.rf.b4942deb8997e12422a3fd6ab01ca2cd.jpg,640.0,480.0,smoke,387,220,608,285
374,ck0txmpuosbkk0863coq4p42u_jpeg.rf.a752cde3b9f280f5aead544deb94aed0.jpg,640.0,480.0,smoke,173,197,299,235
375,ck0t5tq5hmo8508389vjkpile_jpeg.rf.b7db6d196e09c4695d4da7fd0854a18a.jpg,640.0,480.0,smoke,401,194,473,250
376,ck0kcy2pmj1v70a464cl53bkw_jpeg.rf.b77a5b90fda05cd6f76d1dfa1383a790.jpg,640.0,480.0,smoke,305,166,437,252
377,ck0tzp3rvummy07010t4dolzz_jpeg.rf.c714652d0c504a149b83071ca4b8bd13.jpg,640.0,480.0,smoke,176,206,212,227
378,ck0kdgpnj8gvt0701oaod540q_jpeg.rf.bc941fefccb53c1c7067d832f2489e28.jpg,640.0,480.0,smoke,3,142,154,325
379,ck0lwirdeh6zk0944n5uj6q6i_jpeg.rf.beb382bc3df8be917ce1555d278bdc2a.jpg,640.0,480.0,smoke,218,254,528,317
380,ck0t6c6eg0n3m08483m1afytd_jpeg.rf.bd34ea97915de5348293b62b301df38f.jpg,640.0,480.0,smoke,309,160,435,251
381,ck0u095lit8ti08381w4noa0x_jpeg.rf.bd10a2fd9541e77cad818da589290152.jpg,640.0,480.0,smoke,501,233,623,296
382,ck0tyt1orui7t0701sxkqcrnt_jpeg.rf.c36812de3c09ed71c03a3f269c2223b2.jpg,640.0,480.0,smoke,149,201,209,228
383,ck0koqsqta39h0701f6xas96g_jpeg.rf.c02e070823cd4e7e32fc80985c39d789.jpg,640.0,480.0,smoke,327,205,482,250
384,ck0m14kd9vbfd0a46f2gcpvjf_jpeg.rf.c49003cb0729e8f494413b31f42c151f.jpg,640.0,480.0,smoke,198,204,218,225
385,ck0tt357asc4k0838zbkl0wrd_jpeg.rf.bbd799b63b5ccabf50da4f83c6f2434a.jpg,640.0,480.0,smoke,108,191,193,317
386,ck0kot81t6k5g079474qsyev2_jpeg.rf.c8ae702ba7632a54a7203ec46fef65ad.jpg,640.0,480.0,smoke,126,200,181,284
387,ck0t1ywwdmqkf0944mhiw5huk_jpeg.rf.bb77413dc1cb70d1f2e52b6f003b2bd9.jpg,640.0,480.0,smoke,130,228,237,287
388,ck0ncye0iiouc0848ostst7bq_jpeg.rf.be5d0f452dbe6f8a417b9dffc48b71ed.jpg,640.0,480.0,smoke,325,222,419,252
389,ck0kkg80v5x900794hcgsb4e1_jpeg.rf.c14e4f9813670fcb8bc4bc762fb0afa8.jpg,640.0,480.0,smoke,120,201,193,312
390,ck0rrpwlvj04d0a46r4th0cjf_jpeg.rf.ae43d5efbbcc58b183c5ed045605b4c6.jpg,640.0,480.0,smoke,222,215,255,237
391,ck0tx3rohwiml0721wn578q0e_jpeg.rf.c23153704db212f6fb1d673ef173b0f1.jpg,640.0,480.0,smoke,112,184,173,283
392,ck0u0l462sqjj0863jgtyd84b_jpeg.rf.c4ce1970c78664d09fd0e89d04c6b869.jpg,640.0,480.0,smoke,478,195,520,243
393,ck0qc7df7fjr30863hqmtj5i3_jpeg.rf.bb9c7f696d4c4186a11148ad463aa2f5.jpg,640.0,480.0,smoke,184,205,213,222
394,ck0t1qg3kyft90a46nddriu6k_jpeg.rf.c4b243f8509a87ad5bdb0ed3c1a4e953.jpg,640.0,480.0,smoke,165,201,214,226
395,ck0t2gf1wypnz0a4651vbm3b5_jpeg.rf.b93c64f987f4faa915f9df79de73fb86.jpg,640.0,480.0,smoke,496,190,637,257
396,ck0u101es74sl08484y0z9pb6_jpeg.rf.caf350c36e933cf2c1a1059225801aaa.jpg,640.0,480.0,smoke,439,224,563,254
397,ck0uklx72wly70701px5wl6fw_jpeg.rf.cb1683418c777e1d072763d02d84465b.jpg,640.0,480.0,smoke,325,203,517,253
398,ck0t6v4mw07810a46gj9vqfvu_jpeg.rf.bb2af326ad7e053d0f41d82152936273.jpg,640.0,480.0,smoke,501,210,615,287
399,ck0u0nf3ftb7n083861jt62o2_jpeg.rf.cd876ad735a6b63314285acf94d9b387.jpg,640.0,480.0,smoke,493,193,637,253
400,ck0kd8vmh68nl083835g4ngoc_jpeg.rf.c902cfa6716233a9c92df404d67030be.jpg,640.0,480.0,smoke,161,255,214,282
401,ck0kfmg3p6jh90838qxnikor1_jpeg.rf.c940db5cb0499c51a3e30d63ebb6f584.jpg,640.0,480.0,smoke,187,200,312,243
402,ck0kdeqv8a00m0721x8avt6qe_jpeg.rf.ccb567cc23cf7f9a2ceeb4634041509a.jpg,640.0,480.0,smoke,111,231,264,285
403,ck0ukglh8v4be0838snyl10yu_jpeg.rf.d1be73932e5973c718b1635e2181b31f.jpg,640.0,480.0,smoke,193,205,213,224
404,ck0km4hlk63zp0863ur0owhkg_jpeg.rf.c21e125782c726a343832cbf44531e8b.jpg,640.0,480.0,smoke,206,157,256,238
405,ck0ug3gjz7wk00a46ikj346zv_jpeg.rf.c965066b7e947133c6e047b4b977aa9e.jpg,640.0,480.0,smoke,117,101,287,322
406,ck0l8askp96bh0794bppil14t_jpeg.rf.d00754fce81830149f3584d6ade4e481.jpg,640.0,480.0,smoke,221,211,256,232
407,ck0t5wu9ao70b0701rdv7c7af_jpeg.rf.cc0f00f739a08c1d6337f7f6e32ce03d.jpg,640.0,480.0,smoke,307,254,412,306
408,ck0l9xgch9grx0794i0878xu3_jpeg.rf.cf1e618e34680202cdbffa88c5dde147.jpg,640.0,480.0,smoke,86,231,157,265
409,ck0l9d0tt981g0863dmttkl8h_jpeg.rf.cdc1449d65b480488a9804f446c402e7.jpg,640.0,480.0,smoke,392,218,466,245
410,ck0kmrvn590jl0944asem2ofh_jpeg.rf.d2d17e7e7b937478c360cb889bc2dcda.jpg,640.0,480.0,smoke,314,82,558,257
411,ck0u0i88bunv00944unevdbqg_jpeg.rf.d20e47a3a4c4cec68381d5f113f985d8.jpg,640.0,480.0,smoke,303,252,523,318
412,ck0ndwu8pj3180848zonjasmz_jpeg.rf.cf341dfba711fbaa425f7b0e8c5e456a.jpg,640.0,480.0,smoke,4,145,150,335
413,ck0korwq7kq730a465vnctqhc_jpeg.rf.d31a5db033fffacd8293d649856293b9.jpg,640.0,480.0,smoke,473,197,520,245
414,ck0nene10jjcw08481qmhh4wj_jpeg.rf.c9871f3286e6f97e1d4d25d96df1d762.jpg,640.0,480.0,smoke,337,243,394,281
415,ck0nf4ks0js7z0848cku0h6t5_jpeg.rf.d406f9db90a5286932149187bb9ae070.jpg,640.0,480.0,smoke,216,178,249,234
416,ck0kl4d8y7e9x0838i33y0nta_jpeg.rf.d57cde80b3d701666c78b64f7bae4ddf.jpg,640.0,480.0,smoke,221,200,415,318
417,ck0t75ti6on9t07015p6wbjle_jpeg.rf.d4ca4e1f7adb43de81445ccbe0f71098.jpg,640.0,480.0,smoke,272,239,523,318
418,ck0qba5yvh45x0944qw0oaamw_jpeg.rf.d548f788d81a572f39907164ea6c1bba.jpg,640.0,480.0,smoke,80,234,277,289
419,ck0tsvw19vzj90721zgwt6zcu_jpeg.rf.cf6612354723744280bb097e50446b3e.jpg,640.0,480.0,smoke,220,204,256,242
420,ck0lyf2lnhyy10944t8eb842u_jpeg.rf.ce489168cc3c9f5e7df796c885a30097.jpg,640.0,480.0,smoke,501,256,605,289
421,ck0owo8knvext07012gernxb0_jpeg.rf.d59fd6116629a05a3c8e6b11e5465f55.jpg,640.0,480.0,smoke,216,205,256,237
422,ck0txwk8k6owz0848gejqchq8_jpeg.rf.d431e6a3cf29ca3c97bda4035c2e26fa.jpg,640.0,480.0,smoke,0,47,167,325
423,ck0tsyvp361ow084867dinue0_jpeg.rf.d47c7f4008f3cd76c7e1428677a676ce.jpg,640.0,480.0,smoke,498,245,636,287
424,ck0ng4fa263vn083809qkbt4y_jpeg.rf.d577c7aecd3d674eac02e89ae4f5ce2f.jpg,640.0,480.0,smoke,183,199,309,234
425,ck0kkgh0ik3y20a46kzrit8v2_jpeg.rf.d67b266cfd13ae5f09666bfda12df841.jpg,640.0,480.0,smoke,495,197,547,250
426,ck0kl3wpd616z079452ea8lq2_jpeg.rf.c9ef393eca807516bb64ed1f77d1c329.jpg,640.0,480.0,smoke,126,194,174,284
427,ck0kht0vs5k2r079428olg3jt_jpeg.rf.d5030fcc4a23818e5098008df0a1afb2.jpg,640.0,480.0,smoke,184,205,218,224
428,ck0tt3hm6tsh90701m4t0sq7e_jpeg.rf.bf573bb3cc96443e940c0e1b2a554dd1.jpg,640.0,480.0,smoke,274,231,419,307
429,ck0rqph585aki0838q1hxpf6k_jpeg.rf.cf14cc4db9c987427a392c960f1c779a.jpg,640.0,480.0,smoke,347,270,527,319
430,ck0txx0ddscoq0863bm1ntw9g_jpeg.rf.d4a3a846ce3b75ac6df3f0290adc7ef8.jpg,640.0,480.0,smoke,499,252,635,292
431,ck0txp6s8ue5b0701zx9qjwwe_jpeg.rf.d99829abfdfcd1ac783cbf63afb2e141.jpg,640.0,480.0,smoke,443,212,611,287
432,ck0t6z888oklq0701ri4jser9_jpeg.rf.d8566287c945e4bfc9a47f699bfc0fed.jpg,640.0,480.0,smoke,195,205,216,225
433,ck0tz3qdjt20v0838pjjz36dn_jpeg.rf.d78b31fccbc803886b4037c800f2c5e7.jpg,640.0,480.0,smoke,497,204,565,251
434,ck0t58uo4nvw40701ubn1fua7_jpeg.rf.da5481cdd88087908cd2c42ad46b2658.jpg,640.0,480.0,smoke,109,231,247,293
435,ck0tsymgpsbmm0838ci72jvcf_jpeg.rf.d4d1f4ce36dfe12001ec0d35ea58dc2f.jpg,640.0,480.0,smoke,97,224,271,288
436,ck0t3iu3flv0k0838lql92x5b_jpeg.rf.d9fe218889dedb1a545b98b76d43d41f.jpg,640.0,480.0,smoke,167,252,222,280
437,ck0tzza3ut6ra0838aef1ubfa_jpeg.rf.d8738fff54d7ecf5e5d281969b2c4795.jpg,640.0,480.0,smoke,484,197,518,237
438,ck0rqkoz2587n08387o17rv73_jpeg.rf.dac0a1efdb35bccefe81abe469913116.jpg,640.0,480.0,smoke,442,288,522,319
439,ck0kkep0vb0nz0721g3sq0a4g_jpeg.rf.dd0d3963e97103fd24b0302cba1d3b2c.jpg,640.0,480.0,smoke,325,208,397,249
440,ck0qd50hwi1k10944i25e7al9_jpeg.rf.dc4e8422676e7baad2e36433c32553dd.jpg,640.0,480.0,smoke,0,49,150,333
441,ck0l8bqss96gu0794pchtppli_jpeg.rf.e17bf9e0a389c74071cbe09081eb69ff.jpg,640.0,480.0,smoke,181,205,211,224
442,ck0kfljfp7vuk09441308dug1_jpeg.rf.dc55db65a3baa4ff7ed9768c00cc81f7.jpg,640.0,480.0,smoke,285,217,307,241
443,ck0t765i5mk8j0863od0a5ghy_jpeg.rf.e1c441f3237ce54181cc06b916ccf313.jpg,640.0,480.0,smoke,2,70,168,323
444,ck0kdc75e4wgn0794wltgjwdw_jpeg.rf.d6e58c1f6882247f6f923fd4918c8b97.jpg,640.0,480.0,smoke,181,205,214,231
445,ck0ncwdaxhgtf0a46wezybiq2_jpeg.rf.e1fafb3aba0497f4c834a16883672701.jpg,640.0,480.0,smoke,498,251,635,291
446,ck0t4sh7pnk3v09447wbxifkk_jpeg.rf.d723fb8fb9b160e3b61d523345284d2a.jpg,640.0,480.0,smoke,444,227,582,253
447,ck0koqfpl6g0x0863mmghhzwg_jpeg.rf.e4096a41d191d035f061c7e7be01d05c.jpg,640.0,480.0,smoke,366,271,521,316
448,ck0tx10f0r4n40794pbbiu6iw_jpeg.rf.e2375405bbe7a5a307420051f164add7.jpg,640.0,480.0,smoke,328,211,386,249
449,ck0t5k7tonwo20944nfnbqogm_jpeg.rf.da7dd21c39b298b5d1354d7b0448c81e.jpg,640.0,480.0,smoke,502,251,635,292
450,ck0tyx4x7t16i0838grtlspkh_jpeg.rf.e1d9c642a95a536ae63fdbf498815c0d.jpg,640.0,480.0,smoke,280,253,525,317
451,ck0u01dbyuoe30701p6pfzb0q_jpeg.rf.dc34aba657747af88bf1eec63f19ea6b.jpg,640.0,480.0,smoke,158,166,421,320
452,ck0twwuxz6k9i0848br68e8wm_jpeg.rf.e030f5f045919b341af6350a986d278b.jpg,640.0,480.0,smoke,190,204,208,229
453,ck0kdxyxd8iat0701jbwd0oq6_jpeg.rf.e362ca6c6b22ae89c23f0400eba85291.jpg,640.0,480.0,smoke,489,213,612,289
454,ck0m1m206hgy907944qxlvo5i_jpeg.rf.e496ad2cbe926d62bf0963945c209928.jpg,640.0,480.0,smoke,374,265,522,318
455,ck0keprw9ke1d08483vmle7ed_jpeg.rf.d74bb474ba405e41ce3e4c6528dc297c.jpg,640.0,480.0,smoke,2,113,150,333
456,ck0twb97n5uc20a46en2e2spb_jpeg.rf.e507096fae49dae5649e7f4e895d6f8f.jpg,640.0,480.0,smoke,309,143,477,255
457,ck0nfxm5e5gq50863tqwxrgft_jpeg.rf.d58b0a6b0eb2a0d518d8454db06199a0.jpg,640.0,480.0,smoke,311,135,475,261
458,ck0lx4sqkjw920721qbehquxz_jpeg.rf.e7d42763ee20d742ec143f95cbf373cf.jpg,640.0,480.0,smoke,134,236,175,287
459,ck0ncrfj130c40794scji9fm2_jpeg.rf.e496f4b2df3e743bcb12f63182a3dbf6.jpg,640.0,480.0,smoke,198,205,211,225
460,ck0lxhudct3ac0a46446v80ie_jpeg.rf.e82cf40e85c95c941bb2f1e6b79fd863.jpg,640.0,480.0,smoke,498,249,635,292
461,ck0ovtzvntedo08385kjpyx6a_jpeg.rf.e7f852447532daeefb963845a94e1f5b.jpg,640.0,480.0,smoke,280,213,309,238
462,ck0kdgfrn7loi0944bc5njxd7_jpeg.rf.e77b9a3d458cca0a65c750a0e39b2036.jpg,640.0,480.0,smoke,503,245,621,292
463,ck0m1nvd7hi5g0794ixq4uhub_jpeg.rf.e775cb83a1957693c6e0d9d7d3f95317.jpg,640.0,480.0,smoke,326,209,503,251
464,ck0lxcldkid0h0701q2hvnu98_jpeg.rf.e9d122974e39e352e0a7501ef768718f.jpg,640.0,480.0,smoke,197,210,218,230
465,ck0ng3zz98boz07013zyds00f_jpeg.rf.e40e57c921769f8371a0310f39e796d5.jpg,640.0,480.0,smoke,98,205,350,267
466,ck0qc8ib3k6v40721gt60o67m_jpeg.rf.e9516a96becadb93de954363e16ec5e1.jpg,640.0,480.0,smoke,495,297,526,317
467,ck0t3s74cnfks070126deykt2_jpeg.rf.e83ffc98b2dd129c1a6df088d5191aca.jpg,640.0,480.0,smoke,1,215,148,338
468,ck0kn591g92v60944tmg09bpa_jpeg.rf.e5899097b18526fc481119ec8f5b656c.jpg,640.0,480.0,smoke,446,235,502,252
469,ck0qbnvn6hk6w0701x0mcjvq8_jpeg.rf.dae439c3ddfdef76b1c1e360c545aac1.jpg,640.0,480.0,smoke,125,178,193,315
470,ck0t2tlmmzfds0848mvj42ujg_jpeg.rf.e9652791f14278f94e777c81d78f9857.jpg,640.0,480.0,smoke,307,134,549,258
471,ck0u98ba1xzpe0721rgjjjun5_jpeg.rf.c8cc83fd4689caf4aff86fee001b8a16.jpg,640.0,480.0,smoke,498,250,637,290
472,ck0qbedgvf3qu08637yvo02cq_jpeg.rf.ebc6cb1fe15faeeb074bbef5df3a5ec8.jpg,640.0,480.0,smoke,498,257,615,290
473,ck0khrpvr6w7p08381txzz4na_jpeg.rf.e8b802a44e4fe52b71fbab310155d3c4.jpg,640.0,480.0,smoke,191,204,215,230
474,ck0m1maf2vnl30a46vnjvga3r_jpeg.rf.eecd77e33b3da8be70b8d3390ace85df.jpg,640.0,480.0,smoke,0,196,155,333
475,ck0kcpbi29y0x0721g7dlzzcs_jpeg.rf.ece36ca553147b2de60b98934d7ac108.jpg,640.0,480.0,smoke,320,222,381,249
476,ck0u13mbhte0v0838nxz2zdkf_jpeg.rf.ea7ac3c4de6eb11b8eb611eb4607088c.jpg,640.0,480.0,smoke,177,201,202,224
477,ck0kow7lga3y30701f2yvt2b2_jpeg.rf.ecf01b0da90868c719b611d91b39ffaa.jpg,640.0,480.0,smoke,317,90,496,258
478,ck0kn6a6093460944dnwl19so_jpeg.rf.eaa9e57f5453024b7f67474c23ce8fbd.jpg,640.0,480.0,smoke,534,252,621,291
479,ck0kmr5ewkhpq0a46nuv73id4_jpeg.rf.eefd3b3e4bc495f0be37f429b5221ead.jpg,640.0,480.0,smoke,310,139,537,253
480,ck0qd7oxtgwug08385hhoh6c6_jpeg.rf.ed34a7e543981c7060fe65e63c03952f.jpg,640.0,480.0,smoke,126,182,174,285
481,ck0kkizhblbln0848zygsqz0h_jpeg.rf.ea0e69b1a5fcc169eb7722c2ffb949d6.jpg,640.0,480.0,smoke,309,126,490,254
482,ck0tzox41umlv0701crxo159j_jpeg.rf.e8dbba80529101120c53cdbf682d6b3b.jpg,640.0,480.0,smoke,220,204,255,236
483,ck0tzphn3t5by0838ge18vkq7_jpeg.rf.f15891396160c6c83e3b052fd5d235f2.jpg,640.0,480.0,smoke,205,159,252,239
484,ck0na66fi7cky0721kx2rj68t_jpeg.rf.f0e6702bd324dc61cf4f31478c6b2603.jpg,640.0,480.0,smoke,375,296,462,337
485,ck0qbn4c2to820848neklprj5_jpeg.rf.edbf13d246dafcace687af99558821c9.jpg,640.0,480.0,smoke,483,205,516,227
486,ck0kkzzufk6zy0a464la26n1c_jpeg.rf.efaf28715b3f2f29a3f0da43da02a280.jpg,640.0,480.0,smoke,99,231,271,287
487,ck0t20os6mrcb0944xrc0wamx_jpeg.rf.ee4ee7ff297cbc0aadd8bc31c4067d1d.jpg,640.0,480.0,smoke,0,228,157,324
488,ck0rpemia2zhr0794cdnvuzck_jpeg.rf.ed929ea4f567b42d1bc217371c742329.jpg,640.0,480.0,smoke,325,201,484,256
489,ck0oulyr8sldl0838tkv3hqk8_jpeg.rf.f3ac94ace79c957d33904e37a086349a.jpg,640.0,480.0,smoke,325,267,523,317
490,ck0l9vmuparhg0838oe20j0bd_jpeg.rf.ef939ad40b43a4c66054c5da14275db8.jpg,640.0,480.0,smoke,312,159,503,253
491,ck0kdvg6tj4hn0a46k06job5k_jpeg.rf.fa065ac54cfb77706875d2b1aef49e0e.jpg,640.0,480.0,smoke,96,204,335,267
492,ck0rp7ech84jq0721s8wfw8tz_jpeg.rf.f49f246eef35370ed9da3d797409fa3c.jpg,640.0,480.0,smoke,201,157,257,238
493,ck0qc8qkohujb0701aq2988oa_jpeg.rf.f2a84ac565b7b243b36ae40493668d9e.jpg,640.0,480.0,smoke,5,275,157,336
494,ck0u0dcgdwy9r072177202gnd_jpeg.rf.ed8b6721555e8d9aba61dce9a162f6df.jpg,640.0,480.0,smoke,190,204,213,229
495,ck0ovvrza6e0e0a46doaio091_jpeg.rf.f1700a3be120b1b80631405b50a8975d.jpg,640.0,480.0,smoke,456,229,555,251
496,ck0t7hsj2on2s094444drdqs0_jpeg.rf.f52b5068fa822561ff8f0e200dc451a0.jpg,640.0,480.0,smoke,127,217,174,285
497,ck0kd7h8nj2m70a469e4k6x92_jpeg.rf.f645d6becaa1da2654c27198f8a2651f.jpg,640.0,480.0,smoke,198,206,218,228
498,ck0txn3y1uaec0944bo6m4q6c_jpeg.rf.f46ac4d6b598065a331421706191b669.jpg,640.0,480.0,smoke,513,252,579,278
499,ck0tswxwqqmau0794imifdgnh_jpeg.rf.ec35749524df8e91f4398a24e9e87e55.jpg,640.0,480.0,smoke,196,205,213,228
500,ck0ujb0z98s2k08487aup4zlv_jpeg.rf.f7782299c142e682f20fa934e9f8d5ce.jpg,640.0,480.0,smoke,90,231,182,265
501,ck0t3r291z3xb0a46a6hx1rak_jpeg.rf.f9feb1317bbf81fb69035cc286af96fe.jpg,640.0,480.0,smoke,177,231,245,291
502,ck0ukhrm7wh9z0944dld49omk_jpeg.rf.e34dffbbe4bdc445193672cf547bb600.jpg,640.0,480.0,smoke,166,253,268,277
503,ck0rr7nhf6w970944cb2nnlih_jpeg.rf.fad95509baaee973c9d5a6db10c3f314.jpg,640.0,480.0,smoke,540,215,618,287
504,ck0na5s461w2n0794ifd5c5cs_jpeg.rf.fa60c06a0da1f8d35af461f44eb7b995.jpg,640.0,480.0,smoke,309,140,593,260
505,ck0m1643sidi5083850vpmnkb_jpeg.rf.fbbe02a32c796d693e4d3c6f3e81a70e.jpg,640.0,480.0,smoke,194,206,211,224
506,ck0k9jss09oxq0721c8pd7eds_jpeg.rf.fa5ce52e0ebc5762bee66acd5bc1aa1d.jpg,640.0,480.0,smoke,312,146,587,265
507,ck0u00h8m6yow0848u1pohlak_jpeg.rf.faa14c3337ceadc7f78c40379226f78f.jpg,640.0,480.0,smoke,495,195,616,253
508,ck0lzyygqj00t0944qnwlwjf2_jpeg.rf.fbbbc2b4e6b9dd5b8242be555a897ed4.jpg,640.0,480.0,smoke,309,185,424,250
509,ck0kkv2jf8pil09448qnz1ndu_jpeg.rf.fa40e68bec965ba376f16ed65cb1347d.jpg,640.0,480.0,smoke,450,218,611,285
510,ck0ounp7qrrb80863c0xidr4j_jpeg.rf.fdcd05e62f85264689f32990913feadb.jpg,640.0,480.0,smoke,406,191,554,243
511,ck0tz35vrt1xh08382lzzsg2v_jpeg.rf.fbfc29bec37e3eae4805a0cc7f74ff80.jpg,640.0,480.0,smoke,119,191,177,285
512,ck0ujoiltwezp0944u48gk6wn_jpeg.rf.ff498f4094583e78e66034d107ad0285.jpg,640.0,480.0,smoke,1,242,150,333
513,ck0ng5zyb5lrz086320xihwm8_jpeg.rf.feb1d8a9088cbddc422d12bb51629620.jpg,640.0,480.0,smoke,150,203,211,231
514,ck0kdpfyk4t8v08633b9u5zhe_jpeg.rf.ff2afd2c799d7ce3dbf8e4588e60fda5.jpg,640.0,480.0,smoke,283,240,416,318
515,ck0u0jzlqsqbn0863uii3azjh_jpeg.rf.fbdb4c44be18f3c2fa695b1b6b670b16.jpg,640.0,480.0,smoke,330,201,417,253
516,img (100),,,fire,106,120,198,166
517,img (101),,,fire,90,109,160,186
518,img (102),,,fire,132,48,203,98
519,img (103),,,fire,38,199,84,248
520,img (104),,,fire,46,40,136,110
521,img (105),,,fire,169,16,255,107
522,img (106),,,fire,139,95,170,136
523,img (107),,,fire,99,54,176,117
524,img (108),,,fire,67,80,183,128
525,img (109),,,fire,22,34,172,114
526,img (110),,,fire,112,83,187,121
527,img (111),,,fire,106,84,180,141
528,img (112),,,fire,57,37,145,86
529,img (113),,,fire,97,72,174,122
530,img (114),,,fire,27,111,74,149
531,img (115),,,fire,64,92,121,142
532,img (116),,,fire,109,89,216,165
533,img (117),,,fire,57,36,144,85
534,img (118),,,fire,106,122,139,160
535,img (119),,,fire,93,79,150,111
536,img (120),,,fire,61,79,174,149
537,img (121),,,fire,133,97,227,150
538,img (122),,,fire,56,154,128,218
539,img (123),,,fire,92,81,147,121
540,img (124),,,fire,69,72,138,148
541,img (125),,,fire,68,88,128,124
542,img (126),,,fire,54,47,166,124
543,img (127),,,fire,89,35,208,133
544,img (128),,,fire,62,82,152,120
545,img (128),,,fire,189,100,250,123
546,img (128),,,fire,187,131,211,149
547,img (128),,,fire,228,147,253,166
548,img (129),,,fire,91,55,174,111
549,img (130),,,fire,34,44,118,116
550,img (131),,,fire,8,149,72,215
551,img (131),,,fire,60,132,101,184
552,img (131),,,fire,91,110,115,131
553,img (131),,,fire,110,125,143,160
554,img (132),,,fire,91,8,222,108
555,img (132),,,fire,62,119,94,140
556,img (133),,,fire,38,107,124,159
557,img (134),,,fire,168,70,250,150
558,img (135),,,fire,83,88,177,160
559,img (136),,,fire,149,45,227,109
560,img (137),,,fire,88,106,156,138
561,img (138),,,fire,144,86,197,118
562,img (139),,,fire,83,60,127,104
563,img (140),,,fire,84,40,157,89
564,img (141),,,fire,61,60,121,95
565,img (142),,,fire,162,52,232,116
566,img (143),,,fire,116,46,214,118
567,img (144),,,fire,73,52,167,98
568,img (145),,,fire,34,157,97,203
569,img (145),,,fire,79,127,155,164
570,img (145),,,fire,153,117,209,155
571,img (145),,,fire,156,151,214,198
572,img (146),,,fire,125,40,197,99
573,img (146),,,fire,26,65,77,127
574,img (146),,,fire,73,51,140,112
575,img (147),,,fire,75,62,161,146
576,img (31),,,fire,5,40,79,93
577,img (32),,,fire,63,107,148,164
578,img (33),,,fire,153,114,216,151
579,img (34),,,fire,135,87,195,143
580,img (35),,,fire,206,11,286,71
581,img (36),,,fire,45,52,110,133
582,img (37),,,fire,103,70,192,130
583,img (38),,,fire,88,38,176,109
584,img (39),,,fire,107,100,168,133
585,img (40),,,fire,104,74,196,160
586,img (40),,,fire,215,122,256,155
587,img (41),,,fire,110,53,148,111
588,img (42),,,fire,85,74,166,114
589,img (43),,,fire,80,62,163,107
590,img (44),,,fire,9,31,113,118
591,img (44),,,fire,73,119,101,139
592,img (44),,,fire,17,126,51,152
593,img (44),,,fire,165,96,202,122
594,img (45),,,fire,80,86,182,180
595,img (46),,,fire,94,35,146,119
596,img (46),,,fire,139,69,180,157
597,img (46),,,fire,183,105,226,146
598,img (47),,,fire,125,85,195,133
599,img (48),,,fire,88,61,159,128
600,img (49),,,fire,113,36,213,105
601,img (50),,,fire,147,57,197,106
602,img (51),,,fire,95,87,152,134
603,img (52),,,fire,136,123,188,166
604,img (53),,,fire,64,33,156,109
605,img (54),,,fire,162,99,213,137
606,img (55),,,fire,76,71,153,142
607,img (56),,,fire,78,70,156,113
608,img (57),,,fire,131,74,219,136
609,img (57),,,fire,82,109,130,136
610,img (58),,,fire,162,61,252,120
611,img (59),,,fire,102,101,135,127
612,img (59),,,fire,144,108,172,182
613,img (60),,,fire,85,44,178,136
614,img (60),,,fire,85,13,131,39
615,img (61),,,fire,152,22,224,94
616,img (62),,,fire,100,77,177,110
617,img (63),,,fire,118,80,176,138
618,img (64),,,fire,63,52,162,128
619,img (65),,,fire,104,13,190,106
620,img (66),,,fire,91,34,163,93
621,img (67),,,fire,140,65,238,109
622,img (67),,,fire,135,114,197,142
623,img (68),,,fire,38,109,122,154
624,img (69),,,fire,50,95,126,155
625,img (70),,,fire,87,18,154,73
626,img (71),,,fire,89,117,132,147
627,img (72),,,fire,26,63,80,115
628,img (72),,,fire,63,120,112,160
629,img (72),,,fire,123,128,155,155
630,img (73),,,fire,174,63,240,118
631,img (74),,,fire,47,172,98,231
632,img (74),,,fire,104,187,172,252
633,img (75),,,fire,99,107,194,163
634,img (76),,,fire,207,110,254,156
635,img (77),,,fire,118,54,213,118
636,img (78),,,fire,61,26,155,76
637,img (79),,,fire,105,4,206,126
638,img (79),,,fire,257,90,321,121
639,img (79),,,fire,216,27,252,49
640,img (80),,,fire,71,52,141,118
641,img (80),,,fire,183,79,209,101
642,img (81),,,fire,129,56,172,107
643,img (82),,,fire,151,42,252,159
644,img (83),,,fire,66,65,178,124
645,img (84),,,fire,152,23,239,99
646,img (85),,,fire,42,31,114,104
647,img (85),,,fire,107,39,171,141
648,img (86),,,fire,166,85,220,116
649,img (87),,,fire,67,53,162,134
650,img (88),,,fire,104,85,159,151
651,img (89),,,fire,97,52,201,120
652,img (90),,,fire,191,96,252,153
653,img (91),,,fire,148,67,221,126
654,img (91),,,fire,224,18,290,89
655,img (92),,,fire,88,30,138,93
656,img (93),,,fire,55,78,103,107
657,img (94),,,fire,13,150,136,257
658,img (95),,,fire,144,27,223,107
659,img (96),,,fire,72,97,139,147
660,img (96),,,fire,140,51,204,143
661,img (97),,,fire,76,45,173,95
662,img (97),,,fire,166,60,230,146
663,img (98),,,fire,121,77,171,130
664,img (98),,,fire,179,116,198,128
665,img (99),,,fire,136,27,251,91
666,pic (100),,,fire,67,23,186,156
667,pic (101),,,fire,43,64,93,131
668,pic (102),,,fire,96,46,174,102
669,pic (103),,,fire,76,20,183,78
670,pic (104),,,fire,66,101,217,180
671,pic (105),,,fire,109,43,190,112
672,pic (106),,,fire,105,88,181,129
673,pic (107),,,fire,108,10,275,157
674,pic (108),,,fire,118,61,207,117
675,pic (109),,,fire,145,26,251,173
676,pic (110),,,fire,46,47,109,95
677,pic (111),,,fire,86,32,202,123
678,pic (112),,,fire,189,9,274,134
679,pic (113),,,fire,96,38,171,131
680,pic (114),,,fire,53,116,106,148
681,pic (115),,,fire,52,116,111,147
682,pic (116),,,fire,141,34,203,90
683,pic (117),,,fire,123,101,164,136
684,pic (118),,,fire,128,80,167,136
685,pic (118),,,fire,110,144,130,163
686,pic (118),,,fire,137,147,161,161
687,pic (119),,,fire,65,91,173,140
688,pic (119),,,fire,137,78,172,103
689,pic (120),,,fire,64,94,179,135
690,pic (120),,,fire,131,80,180,105
691,pic (121),,,fire,118,61,198,117
692,pic (121),,,fire,198,74,232,113
693,pic (122),,,fire,114,52,170,85
694,pic (123),,,fire,45,55,125,127
695,pic (124),,,fire,53,57,228,131
696,pic (125),,,fire,180,41,204,68
697,pic (126),,,fire,50,129,158,195
698,pic (127),,,fire,149,37,203,91
699,pic (128),,,fire,136,84,185,163
700,pic (128),,,fire,186,71,232,110
701,pic (129),,,fire,49,166,148,246
702,pic (130),,,fire,115,1,273,81
703,pic (131),,,fire,156,87,246,163
704,pic (132),,,fire,55,68,90,101
705,pic (132),,,fire,84,167,175,194
706,pic (132),,,fire,106,66,181,99
707,pic (132),,,fire,179,50,220,126
708,pic (133),,,fire,48,90,99,129
709,pic (133),,,fire,200,95,245,123
710,pic (134),,,fire,33,122,49,145
711,pic (134),,,fire,70,64,118,105
712,pic (135),,,fire,106,51,162,102
713,pic (136),,,fire,170,35,269,126
714,pic (137),,,fire,92,15,189,77
715,pic (138),,,fire,26,94,97,139
716,pic (138),,,fire,229,27,294,67
717,pic (139),,,fire,112,10,224,112
718,pic (140),,,fire,61,72,121,124
719,pic (141),,,fire,26,42,75,96
720,pic (142),,,fire,123,116,174,175
721,pic (143),,,fire,76,18,172,189
722,pic (144),,,fire,115,94,162,139
723,pic (145),,,fire,101,40,209,123
724,pic (146),,,fire,86,9,160,48
725,pic (146),,,fire,100,50,141,74
726,pic (146),,,fire,93,118,191,167
727,pic (147),,,fire,74,55,133,107
728,pic (148),,,fire,207,5,237,39
729,pic (149),,,fire,102,88,177,147
730,pic (150),,,fire,110,93,216,205
731,pic (151),,,fire,88,42,184,140
732,pic (152),,,fire,75,12,190,119
733,pic (153),,,fire,138,48,193,114
734,pic (154),,,fire,101,14,193,112
735,pic (155),,,fire,40,143,113,217
736,pic (156),,,fire,140,26,257,121
737,pic (157),,,fire,108,75,191,118
738,pic (157),,,fire,119,17,166,78
739,pic (158),,,fire,115,17,251,87
740,pic (159),,,fire,121,68,185,131
741,pic (160),,,fire,157,3,254,108
742,pic (160),,,fire,2,4,91,76
743,pic (161),,,fire,111,84,216,206
744,pic (162),,,fire,43,49,141,144
745,pic (163),,,fire,96,77,141,139
746,pic (164),,,fire,34,104,59,121
747,pic (164),,,fire,119,71,180,116
748,pic (164),,,fire,216,2,294,128
749,pic (165),,,fire,132,85,153,101
750,pic (166),,,fire,56,63,116,115
751,pic (167),,,fire,110,103,178,161
752,pic (167),,,fire,136,78,163,101
753,pic (167),,,fire,244,123,276,148
754,pic (168),,,fire,127,91,180,150
755,pic (168),,,fire,140,28,184,81
756,pic (169),,,fire,71,40,137,109
757,pic (170),,,fire,105,12,186,129
758,pic (171),,,fire,51,17,128,138
759,pic (172),,,fire,66,18,207,99
760,pic (173),,,fire,133,61,238,142
761,pic (174),,,fire,56,33,127,113
762,pic (175),,,fire,48,55,169,143
763,pic (176),,,fire,54,70,123,124
764,pic (176),,,fire,111,8,186,107
765,pic (177),,,fire,129,65,205,130
766,pic (178),,,fire,120,70,197,145
767,pic (179),,,fire,38,70,112,127
768,pic (179),,,fire,152,72,242,143
769,pic (180),,,fire,97,56,170,110
770,pic (180),,,fire,188,74,230,108
771,pic (181),,,fire,87,43,190,130
772,pic (182),,,fire,111,34,190,115
773,pic (183),,,fire,111,37,193,118
774,pic (184),,,fire,85,84,150,122
775,pic (185),,,fire,99,12,197,102
776,pic (185),,,fire,151,114,232,154
777,pic (186),,,fire,62,2,233,140
778,pic (187),,,fire,78,81,220,158
779,pic (188),,,fire,75,9,253,138
780,pic (189),,,fire,106,7,202,192
781,pic (190),,,fire,42,8,138,78
782,pic (190),,,fire,137,46,225,94
783,pic (191),,,fire,123,28,215,117
784,pic (192),,,fire,176,78,220,99
785,pic (193),,,fire,33,11,138,96
786,pic (194),,,fire,30,55,140,135
787,pic (195),,,fire,50,186,137,245
788,pic (196),,,fire,35,6,109,124
789,pic (197),,,fire,66,54,196,134
790,pic (198),,,fire,19,94,72,136
791,pic (198),,,fire,28,28,97,65
792,pic (198),,,fire,97,8,152,40
793,pic (198),,,fire,150,1,201,37
794,pic (199),,,fire,45,11,123,100
795,pic (200),,,fire,48,10,117,101
796,pic (201),,,fire,39,13,95,83
797,pic (201),,,fire,100,18,142,80
798,pic (201),,,fire,130,46,226,94
799,pic (202),,,fire,94,80,197,150
800,pic (203),,,fire,103,49,243,125
801,pic (204),,,fire,28,4,147,69
802,pic (204),,,fire,151,42,216,105
803,pic (204),,,fire,231,41,300,88
804,pic (205),,,fire,72,107,131,178
805,pic (206),,,fire,85,67,144,135
806,pic (207),,,fire,130,58,221,109
807,pic (208),,,fire,122,22,215,107
808,pic (209),,,fire,78,27,218,116
809,pic (210),,,fire,76,85,231,166
810,pic (211),,,fire,61,24,191,133
811,pic (212),,,fire,150,62,194,100
812,pic (212),,,fire,119,79,157,119
813,pic (213),,,fire,81,95,129,160
814,pic (214),,,fire,66,27,191,148
815,pic (215),,,fire,76,17,170,72
816,pic (215),,,fire,70,72,113,106
817,pic (215),,,fire,161,63,223,122
818,pic (216),,,fire,119,66,230,135
819,pic (217),,,fire,152,83,218,146
820,pic (218),,,fire,33,58,161,173
821,pic (31),,,fire,152,78,278,163
822,pic (32),,,fire,72,13,147,161
823,pic (33),,,fire,77,51,120,93
824,pic (33),,,fire,140,34,232,112
825,pic (34),,,fire,49,96,128,172
826,pic (35),,,fire,161,66,248,146
827,pic (36),,,fire,121,58,219,142
828,pic (36),,,fire,178,139,223,163
829,pic (37),,,fire,167,58,247,142
830,pic (38),,,fire,105,34,290,124
831,pic (39),,,fire,115,109,186,175
832,pic (40),,,fire,140,23,247,92
833,pic (41),,,fire,87,115,115,142
834,pic (42),,,fire,86,117,113,147
835,pic (43),,,fire,73,34,159,137
836,pic (44),,,fire,28,54,177,150
837,pic (45),,,fire,92,102,214,178
838,pic (46),,,fire,118,49,244,151
839,pic (47),,,fire,97,74,183,128
840,pic (47),,,fire,121,139,178,163
841,pic (48),,,fire,98,75,193,141
842,pic (48),,,fire,125,141,177,159
843,pic (49),,,fire,62,44,117,88
844,pic (49),,,fire,99,89,134,127
845,pic (50),,,fire,71,60,138,111
846,pic (50),,,fire,136,100,224,137
847,pic (50),,,fire,193,47,228,91
848,pic (51),,,fire,191,44,238,98
849,pic (52),,,fire,100,49,195,116
850,pic (53),,,fire,129,33,228,105
851,pic (54),,,fire,111,21,230,79
852,pic (54),,,fire,220,99,244,118
853,pic (55),,,fire,83,65,160,117
854,pic (56),,,fire,76,51,181,127
855,pic (57),,,fire,79,51,179,136
856,pic (58),,,fire,124,48,184,82
857,pic (58),,,fire,160,83,190,128
858,pic (58),,,fire,126,93,146,105
859,pic (58),,,fire,122,116,159,128
860,pic (59),,,fire,60,41,115,156
861,pic (60),,,fire,39,136,101,179
862,pic (61),,,fire,125,50,225,161
863,pic (62),,,fire,84,26,187,99
864,pic (63),,,fire,67,58,119,107
865,pic (64),,,fire,63,30,126,108
866,pic (65),,,fire,125,105,168,156
867,pic (66),,,fire,72,57,145,112
868,pic (67),,,fire,81,86,146,155
869,pic (68),,,fire,110,33,204,101
870,pic (68),,,fire,114,138,142,160
871,pic (69),,,fire,40,69,170,132
872,pic (70),,,fire,76,16,174,168
873,pic (71),,,fire,52,11,195,104
874,pic (72),,,fire,73,52,139,110
875,pic (72),,,fire,142,108,221,141
876,pic (72),,,fire,194,54,225,90
877,pic (73),,,fire,156,40,216,88
878,pic (74),,,fire,61,125,104,184
879,pic (75),,,fire,121,68,156,96
880,pic (75),,,fire,160,40,195,85
881,pic (76),,,fire,124,102,176,147
882,pic (77),,,fire,75,30,158,109
883,pic (77),,,fire,90,102,151,187
884,pic (78),,,fire,77,56,156,136
885,pic (79),,,fire,103,16,197,132
886,pic (80),,,fire,64,15,188,98
887,pic (81),,,fire,122,70,240,118
888,pic (82),,,fire,16,144,53,176
889,pic (82),,,fire,84,88,117,107
890,pic (82),,,fire,177,56,251,124
891,pic (83),,,fire,108,49,214,130
892,pic (84),,,fire,28,73,122,109
893,pic (85),,,fire,82,50,107,68
894,pic (85),,,fire,129,16,221,112
895,pic (86),,,fire,48,151,115,205
896,pic (87),,,fire,32,51,184,167
897,pic (88),,,fire,32,47,176,156
898,pic (89),,,fire,45,104,74,133
899,pic (89),,,fire,69,90,98,116
900,pic (89),,,fire,91,108,153,165
901,pic (90),,,fire,106,60,185,117
902,pic (91),,,fire,83,117,141,199
903,pic (92),,,fire,100,5,177,73
904,pic (93),,,fire,65,4,175,105
905,pic (94),,,fire,100,42,190,115
906,pic (95),,,fire,101,55,172,126
907,pic (96),,,fire,181,84,271,180
908,pic (97),,,fire,27,34,119,127
909,pic (97),,,fire,124,32,273,141
910,pic (98),,,fire,45,95,108,157
911,pic (98),,,fire,112,108,148,141
912,pic (99),,,fire,75,126,147,192
913,small (100),,,fire,148,5,175,56
914,small (101),,,fire,54,97,71,116
915,small (102),,,fire,87,11,103,43
916,small (102),,,fire,101,2,113,22
917,small (102),,,fire,161,2,176,23
918,small (102),,,fire,206,13,218,32
919,small (103),,,fire,38,104,62,120
920,small (103),,,fire,55,114,79,140
921,small (103),,,fire,70,81,98,115
922,small (103),,,fire,95,75,120,97
923,small (103),,,fire,157,25,193,77
924,small (103),,,fire,221,33,249,82
925,small (104),,,fire,133,61,171,91
926,small (105),,,fire,162,114,177,133
927,small (106),,,fire,81,20,104,48
928,small (107),,,fire,152,64,168,79
929,small (108),,,fire,14,48,36,73
930,small (109),,,fire,74,71,90,89
931,small (109),,,fire,116,84,130,100
932,small (110),,,fire,166,67,202,133
933,small (111),,,fire,217,76,245,132
934,small (112),,,fire,195,79,205,94
935,small (113),,,fire,30,53,49,88
936,small (113),,,fire,145,24,173,51
937,small (113),,,fire,216,108,229,130
938,small (113),,,fire,151,2,177,41
939,small (113),,,fire,237,5,263,40
940,small (114),,,fire,13,122,25,135
941,small (114),,,fire,42,128,53,146
942,small (114),,,fire,123,81,133,102
943,small (114),,,fire,82,62,92,75
944,small (114),,,fire,94,74,105,89
945,small (114),,,fire,163,109,178,127
946,small (115),,,fire,57,69,73,84
947,small (116),,,fire,200,39,221,71
948,small (117),,,fire,51,129,65,143
949,small (118),,,fire,56,114,61,126
950,small (119),,,fire,153,95,169,109
951,small (120),,,fire,140,57,151,81
952,small (121),,,fire,35,44,47,63
953,small (122),,,fire,83,97,105,126
954,small (123),,,fire,91,30,129,119
955,small (124),,,fire,111,68,144,111
956,small (125),,,fire,68,83,93,143
957,small (126),,,fire,159,70,187,102
958,small (127),,,fire,96,98,112,116
959,small (127),,,fire,134,104,145,121
960,small (128),,,fire,110,101,117,108
961,small (128),,,fire,120,100,128,111
962,small (128),,,fire,129,99,138,107
963,small (129),,,fire,69,96,78,115
964,small (130),,,fire,170,13,191,51
965,small (131),,,fire,121,69,140,94
966,small (132),,,fire,163,84,170,100
967,small (132),,,fire,186,83,196,101
968,small (133),,,fire,169,85,177,93
969,small (134),,,fire,151,100,164,113
970,small (135),,,fire,177,82,191,110
971,small (136),,,fire,90,66,110,99
972,small (137),,,fire,76,21,102,65
973,small (31),,,fire,206,77,225,103
974,small (32),,,fire,108,58,131,85
975,small (33),,,fire,189,11,202,47
976,small (34),,,fire,104,21,117,47
977,small (35),,,fire,8,4,42,47
978,small (35),,,fire,78,36,105,73
979,small (35),,,fire,143,85,168,125
980,small (35),,,fire,164,44,190,79
981,small (35),,,fire,210,34,226,58
982,small (36),,,fire,122,125,134,139
983,small (36),,,fire,157,154,168,171
984,small (37),,,fire,52,54,61,76
985,small (37),,,fire,87,95,96,108
986,small (37),,,fire,112,118,124,132
987,small (38),,,fire,118,48,136,76
988,small (39),,,fire,46,46,61,84
989,small (40),,,fire,136,57,148,79
990,small (41),,,fire,124,72,140,94
991,small (42),,,fire,135,30,156,60
992,small (43),,,fire,30,44,50,70
993,small (44),,,fire,136,24,163,64
994,small (45),,,fire,49,33,63,64
995,small (45),,,fire,54,19,70,46
996,small (45),,,fire,95,15,106,45
997,small (45),,,fire,115,29,129,59
998,small (45),,,fire,136,32,151,59
999,small (46),,,fire,145,53,163,85
1000,small (47),,,fire,84,17,101,51
1001,small (48),,,fire,133,20,144,47
1002,small (49),,,fire,136,42,151,69
1003,small (50),,,fire,142,63,153,79
1004,small (50),,,fire,158,74,167,87
1005,small (50),,,fire,184,71,192,84
1006,small (50),,,fire,201,63,211,79
1007,small (51),,,fire,71,24,87,45
1008,small (51),,,fire,188,49,205,67
1009,small (52),,,fire,91,20,104,42
1010,small (53),,,fire,84,68,97,98
1011,small (54),,,fire,64,34,105,141
1012,small (55),,,fire,133,68,151,87
1013,small (56),,,fire,82,92,94,124
1014,small (57),,,fire,157,53,184,79
1015,small (58),,,fire,124,97,141,118
1016,small (58),,,fire,57,188,70,207
1017,small (58),,,fire,119,233,135,249
1018,small (59),,,fire,150,144,170,161
1019,small (60),,,fire,81,43,93,57
1020,small (60),,,fire,148,31,161,47
1021,small (60),,,fire,171,28,183,43
1022,small (61),,,fire,51,84,70,110
1023,small (61),,,fire,83,35,99,56
1024,small (62),,,fire,162,58,196,141
1025,small (63),,,fire,146,24,185,60
1026,small (64),,,fire,135,105,149,123
1027,small (65),,,fire,126,39,144,88
1028,small (66),,,fire,56,115,73,133
1029,small (67),,,fire,79,48,95,75
1030,small (67),,,fire,191,39,208,67
1031,small (68),,,fire,41,70,54,85
1032,small (68),,,fire,62,72,71,84
1033,small (69),,,fire,61,74,79,95
1034,small (69),,,fire,178,86,191,121
1035,small (70),,,fire,213,124,221,138
1036,small (70),,,fire,240,107,247,121
1037,small (71),,,fire,174,42,198,77
1038,small (72),,,fire,123,150,142,173
1039,small (73),,,fire,90,155,107,167
1040,small (74),,,fire,130,75,146,95
1041,small (75),,,fire,78,79,94,100
1042,small (76),,,fire,193,90,211,113
1043,small (77),,,fire,92,13,103,55
1044,small (77),,,fire,138,95,158,129
1045,small (77),,,fire,193,24,205,52
1046,small (78),,,fire,76,77,99,110
1047,small (78),,,fire,125,123,148,145
1048,small (78),,,fire,168,78,190,103
1049,small (78),,,fire,127,24,145,46
1050,small (79),,,fire,201,102,234,154
1051,small (80),,,fire,81,69,98,98
1052,small (81),,,fire,37,36,52,59
1053,small (81),,,fire,96,60,107,86
1054,small (81),,,fire,120,23,131,47
1055,small (81),,,fire,186,47,194,66
1056,small (82),,,fire,183,21,206,65
1057,small (83),,,fire,24,98,46,128
1058,small (83),,,fire,166,128,184,156
1059,small (84),,,fire,66,90,86,113
1060,small (85),,,fire,149,44,165,59
1061,small (86),,,fire,57,199,67,212
1062,small (86),,,fire,113,199,123,214
1063,small (87),,,fire,119,94,146,143
1064,small (88),,,fire,132,77,143,91
1065,small (88),,,fire,176,82,189,96
1066,small (89),,,fire,51,36,69,75
1067,small (89),,,fire,146,15,168,50
1068,small (89),,,fire,161,60,181,104
1069,small (90),,,fire,111,47,149,90
1070,small (91),,,fire,196,34,215,67
1071,small (92),,,fire,141,96,160,116
1072,small (93),,,fire,53,15,69,44
1073,small (94),,,fire,74,13,85,30
1074,small (95),,,fire,205,114,221,136
1075,small (96),,,fire,132,21,139,34
1076,small (97),,,fire,103,99,125,123
1077,small (98),,,fire,94,81,169,111
1078,small (99),,,fire,176,87,188,104
